"","x"
"1",3.57547210567636
"2",1.35065130321547
"3",2.84593609848568
"4",-0.698677626192977
"5",0.696806011499532
"6",0.892382893883239
"7",-0.191955280196733
"8",1.24378289776362
"9",5.37959287457266
"10",3.32547009703874
"11",-0.338589988029783
"12",-3.08260293206531
"13",0.543416160581133
"14",3.89946340733996
"15",7.07553492564158
"16",3.71162683291641
"17",4.46773805252572
"18",8.53386819808576
"19",2.28001442240932
"20",-1.1638261216908
"21",2.10234371859822
"22",-3.16149427944907
"23",-0.905358471460383
"24",0.330748096023662
"25",0.566822376462461
"26",2.5828613233154
"27",3.28886189004189
"28",1.29482103010129
"29",-1.29926843442584
"30",-2.31341435484269
"31",-0.487620787765444
"32",-0.881891789810286
"33",3.7237685824066
"34",6.28937708616149
"35",3.27495070375292
"36",1.31048571609813
"37",1.00597840411433
"38",-1.81857495128124
"39",-0.983176984655943
"40",7.54217019379366
"41",-0.752536348458991
"42",-2.04729954394043
"43",-1.90212232517723
"44",1.95298626119161
"45",3.94801767481545
"46",3.1129697426003
"47",2.91784029145219
"48",0.74262714827713
"49",0.717328823720392
"50",0.511943770502995
"51",-0.903449578980947
"52",-0.28877214342015
"53",-0.0840252094192362
"54",-1.14921006358281
"55",-0.404327992515489
"56",2.99062550793783
"57",1.47565470502434
"58",1.36075795677761
"59",4.1859336212312
"60",0.331180056418651
"61",1.63648143067224
"62",0.881821612583881
"63",-0.602801489423387
"64",-3.95738996692652
"65",-2.47194591150249
"66",-5.08648863408545
"67",-0.00103705683069144
"68",0.564407311853163
"69",-2.58015703644253
"70",-2.7947316101264
"71",-0.629318318409497
"72",-2.16391967673338
"73",-3.67853810285243
"74",-4.69317601452104
"75",-3.77783582949357
"76",-0.432519965524417
"77",-4.12723084036796
"78",0.948047621236432
"79",0.423330978865616
"80",-7.42138395876045
"81",-8.05610038292184
"82",-7.03082148489857
"83",-1.92554735209567
"84",-3.61027746669292
"85",-0.715014112132597
"86",-3.74975957185694
"87",1.17548387069179
"88",2.4206992023878
"89",-0.0241302789224722
"90",0.940993609777067
"91",2.3860690515025
"92",2.84109422926993
"93",3.67604858042447
"94",2.2609116750321
"95",3.46568189519011
"96",2.09035762299581
"97",-3.5250627594535
"98",1.65942179015274
"99",3.14381236070465
"100",0.39819317989642
"101",-6.42735260124643
"102",-2.92282814576019
"103",-1.46823661668113
"104",-1.68358117704554
"105",-0.638858503049205
"106",0.475934898557037
"107",1.60079611890433
"108",1.47572224912383
"109",2.18071038034668
"110",-0.344240989597944
"111",-2.02913390254483
"112",-1.72397207685873
"113",-2.42875923090441
"114",-0.633499083046635
"115",-2.79821842232964
"116",-3.86294421267241
"117",-2.00768043475184
"118",-2.66243106924481
"119",-2.55720009682821
"120",-3.72197023947033
"121",-2.69672465921157
"122",-0.541467996836989
"123",1.49379510686834
"124",-4.06093998888064
"125",-2.06567792486902
"126",1.28957665811816
"127",1.57484536156067
"128",0.340149954778655
"129",0.465486048747595
"130",-3.26915074555704
"131",-1.22376481715976
"132",-0.94838026087371
"133",-4.81302058096258
"134",-3.95768928062668
"135",-1.58238986306634
"136",1.55287416851811
"137",0.148082094429231
"138",-4.11678708777931
"139",-7.07173730543116
"140",-6.71677248584999
"141",-4.83189655635944
"142",-2.67712518188992
"143",0.0875254633960907
"144",0.682050688326795
"145",2.32644580173039
"146",3.22070611243508
"147",1.06482588333557
"148",0.998799480972851
"149",1.31277859920079
"150",1.0869118099372
"151",3.25118989457564
"152",2.92560363450968
"153",2.2701438111329
"154",2.31480291594169
"155",1.94957357298804
"156",-2.55555323750104
"157",-0.690586535298607
"158",-5.51553534017765
"159",-4.07039962362581
"160",-3.39517927187189
"161",1.87011682319933
"162",-2.60452023029694
"163",0.0309006757545038
"164",2.71635981971891
"165",2.79183698044033
"166",0.737322516752178
"167",-1.35719321251214
"168",-3.82171984851921
"169",-2.10624405095924
"170",-1.32075213625116
"171",-3.77525323065464
"172",-3.12975646042936
"173",-0.184270951834986
"174",-2.33880583113119
"175",-1.37337022457764
"176",-0.757963929692862
"177",1.14741400668633
"178",2.36275558432281
"179",2.81805280297946
"180",2.59329766241917
"181",1.25845576870375
"182",2.55349243122225
"183",2.5483992047284
"184",-0.696832356024105
"185",0.457789303718469
"186",1.0222514952456
"187",1.80654112510539
"188",-0.279350859060502
"189",0.254566490389584
"190",1.0082841210973
"191",-1.93819794066975
"192",-0.174880176739924
"193",-1.58177240161548
"194",-0.558884429798688
"195",0.903773924208188
"196",0.476190209850639
"197",-0.111648049870483
"198",2.06049202389644
"199",-2.05715858128018
"200",0.045387443505561
"201",3.55811740715959
"202",4.96101861858784
"203",2.80407088596956
"204",2.4372543306951
"205",3.36055673148699
"206",2.7939658670678
"207",2.40746951616005
"208",1.13105531887841
"209",0.764711435437937
"210",-2.63157357528817
"211",-3.67781115442671
"212",-4.56401274310452
"213",-2.39018686839794
"214",-1.1963421928114
"215",0.657509639386202
"216",1.40135698392593
"217",-1.88481180346112
"218",-0.901004976474661
"219",-1.32723014768317
"220",-0.83349799965875
"221",-0.699819214973521
"222",-2.71620447619959
"223",-3.67266446590907
"224",-1.15920986667407
"225",1.10413959344436
"226",0.847364272680979
"227",-0.839546382092554
"228",0.853397075995399
"229",1.71618409381648
"230",0.428803952126188
"231",1.94124492700956
"232",3.92349495833257
"233",-0.944458014038787
"234",-0.382626050238537
"235",-4.31101035302962
"236",-2.00961230917956
"237",-3.80844425482926
"238",-1.07751852611965
"239",-0.946847459191634
"240",-2.20642531926146
"241",-1.18624630135854
"242",-1.92632263634349
"243",-1.70666655507696
"244",-0.547290288419573
"245",0.361791854879455
"246",0.440565557791244
"247",1.49919221047011
"248",0.447841587806234
"249",-1.10348597637678
"250",3.29520985174469
"251",5.97392940599426
"252",2.00266153733435
"253",-1.81860509099789
"254",1.69012957323321
"255",0.958865582263337
"256",3.08760298832817
"257",-0.463665300556299
"258",3.15505352312547
"259",4.81375936085844
"260",0.792452114127578
"261",7.04113168441786
"262",0.259808150371384
"263",-2.98150846572583
"264",2.83718165307704
"265",-2.30412167626916
"266",1.2545813631864
"267",-2.17672296646651
"268",-3.15804823188933
"269",1.50060564074196
"270",-2.19076127474859
"271",-0.142148904536963
"272",1.97644282520088
"273",2.88501398828897
"274",-0.906450928700954
"275",2.48203268351448
"276",-1.65953491717328
"277",-4.26115347287277
"278",0.827177274307454
"279",3.90547972136774
"280",4.57377614217688
"281",-2.52793339007102
"282",2.68035119781815
"283",-1.98137002096151
"284",-3.21307539261893
"285",-4.55474355497286
"286",-0.976374872243897
"287",2.46203029134739
"288",-2.36952842841959
"289",-1.00104597426843
"290",-0.742516705003064
"291",-3.34394010896463
"292",-0.325315674494256
"293",2.27335711006692
"294",2.49207698821983
"295",1.58084269270218
"296",-1.54028004857203
"297",-4.28122897483836
"298",-2.47200879130713
"299",-1.39262420318867
"300",1.40692008430671
"301",1.17662197347735
"302",-0.443521051552027
"303",-1.03351432325207
"304",0.556636825906557
"305",-2.67307293654682
"306",-1.24264409132909
"307",1.57792224542188
"308",0.94861978810394
"309",-2.64055774888504
"310",-1.72961665114719
"311",-5.01855178376462
"312",-3.2973580875052
"313",1.21395803850023
"314",3.34539019512082
"315",-0.973068016774278
"316",-1.07143988746698
"317",-2.92974876496794
"318",-4.20800113500111
"319",-1.15620348329046
"320",-2.38436229555992
"321",-2.52248405753346
"322",-0.0505752549350245
"323",-0.728657049887937
"324",0.643249256572668
"325",0.355136970355119
"326",-1.51300060263226
"327",2.41882984351887
"328",0.000632899478468119
"329",-1.13758614197708
"330",-3.36583292177981
"331",-1.03411308086176
"332",4.33756773984502
"333",0.849225248058127
"334",0.0308753333385088
"335",0.372512627519168
"336",-2.5858682375669
"337",0.27572736991331
"338",-2.01271879489503
"339",-0.881224698968953
"340",0.220204706341173
"341",-0.43843553031499
"342",-0.44715036028779
"343",-1.42594732065452
"344",-0.494833779622036
"345",0.616327466844231
"346",3.1876722434357
"347",-4.03080621690704
"348",-0.979114681243388
"349",-1.32725991663276
"350",-3.67522916189563
"351",1.46698997314767
"352",0.749390164937974
"353",-0.398035910083912
"354",-2.79529557547717
"355",-2.12238233743541
"356",2.30071045819419
"357",-0.406024271627913
"358",1.31740639005875
"359",-0.629004639785347
"360",-0.31525754153841
"361",1.77864769933418
"362",0.172704292162081
"363",1.84690544627497
"364",-0.45875562899748
"365",1.67570555373896
"366",1.12907044847472
"367",-0.296791721356007
"368",-1.20257528390621
"369",1.15171250484667
"370",-0.853935611074837
"371",-1.15952688764816
"372",-0.645072764325663
"373",-0.110584970900817
"374",1.02392880113725
"375",0.368460860299413
"376",3.80300351509655
"377",7.05753807579877
"378",0.982046299757579
"379",-3.36347883389409
"380",-2.58904434602332
"381",0.0453427425028377
"382",9.09967821674818
"383",2.96395855203144
"384",5.50817776286796
"385",9.76232986377305
"386",5.62640886926205
"387",5.26039341831203
"388",1.71426201699778
"389",2.54800848048122
"390",3.68162662392426
"391",-1.60488973751119
"392",-0.301546788663213
"393",-2.19835071436991
"394",1.40473730413447
"395",0.887762314057815
"396",-0.689272526774785
"397",-0.386364060538206
"398",-0.583509129407352
"399",0.37931623833534
"400",-0.337863760570304
"401",-1.00504563076576
"402",-1.01222587689252
"403",4.26059899640795
"404",5.79343356900956
"405",0.916282945157047
"406",-1.08084859323485
"407",0.822043235748591
"408",2.36496271402213
"409",4.01790800938802
"410",5.91087779593692
"411",8.47387711501615
"412",1.076911007973
"413",0.499984516154786
"414",0.0731033646480626
"415",-1.63372677938486
"416",0.0494903301920733
"417",-0.13724913124131
"418",-2.33394031535841
"419",0.799421626167366
"420",0.442841541662617
"421",-1.86366992978635
"422",0.319897613998872
"423",-4.59645133401693
"424",-1.97271228086901
"425",-4.4288807335926
"426",-2.32496638892422
"427",-5.18097924334075
"428",-1.46691525348793
"429",5.37722962398849
"430",3.86145943244274
"431",1.34576099587187
"432",3.93012152705183
"433",-3.40545434749483
"434",-4.25096200124552
"435",-3.86639680767768
"436",0.398245458928869
"437",-0.337031581936236
"438",3.34777578690383
"439",5.03267128262591
"440",7.84765862240682
"441",2.19274152342339
"442",-0.00207629714755342
"443",-5.02695720627565
"444",-1.15205872576859
"445",3.10263012929346
"446",5.76712034383029
"447",0.891422902761711
"448",-1.00444810511743
"449",1.10952201421293
"450",3.80334515351037
"451",3.56703320553251
"452",0.69059806303693
"453",2.0340368890977
"454",0.887347157761125
"455",-3.54945877175687
"456",-2.80636854024033
"457",-0.55336978847332
"458",-0.820468902910845
"459",-2.5376721372871
"460",-5.03496693330491
"461",-1.41234073266714
"462",-0.0297809770766033
"463",0.752727551977074
"464",-1.5647998804161
"465",3.48764003855801
"466",0.660050742094564
"467",-0.93755496106832
"468",-0.285164262192536
"469",2.49723564746003
"470",6.63966406346797
"471",3.65214045085485
"472",-0.425322127473803
"473",-0.552710608612445
"474",-3.15001192965553
"475",-1.27721162099951
"476",-2.16429575270476
"477",-1.56125207136166
"478",1.83193167643943
"479",5.42526774410812
"480",2.25874531437458
"481",-3.30764660490579
"482",-3.95389602263549
"483",-2.20999094771702
"484",-1.40591938905287
"485",0.728351903163061
"486",-2.74714426133523
"487",-5.09239655155843
"488",0.44260636348279
"489",2.18787581477776
"490",0.783423133315798
"491",-0.160740349913773
"492",0.72515422589583
"493",-0.609125700205812
"494",-3.68357092986516
"495",-2.71817226472866
"496",-1.5729205064428
"497",0.302173837557351
"498",2.13710085038617
"499",-0.408129383778602
"500",-5.33350678075924
"501",-3.999021256378
"502",-2.00467994295426
"503",4.22950974444369
"504",5.97355746587028
"505",-0.172527118620119
"506",1.21126565102692
"507",-1.03506630274095
"508",-0.171525566708137
"509",-1.1781032446684
"510",2.16520955958453
"511",3.75842174225692
"512",4.00154115362152
"513",4.83457574759739
"514",3.44751744986095
"515",1.82035853054725
"516",-1.51689144198006
"517",-0.544222899357306
"518",1.69837372677917
"519",-3.35909028510413
"520",-5.72660352398513
"521",-7.23415622266675
"522",-5.1717386139519
"523",-4.39934093064353
"524",-0.856944357259145
"525",-4.68452999305747
"526",-3.62208794295319
"527",0.900391688138981
"528",0.232918795304368
"529",0.615492443878303
"530",-1.61188880032507
"531",-0.169215791502243
"532",1.13352061615029
"533",2.46632956843603
"534",2.57924319263486
"535",0.162293959297962
"536",0.705491529135742
"537",-0.35115443714138
"538",0.592365721177027
"539",2.73606166480138
"540",-2.20005694555789
"541",-4.68607341718663
"542",-4.38207780629897
"543",-1.56807057557688
"544",0.885947812297623
"545",1.75997689464256
"546",1.72398981507487
"547",-2.98204057946127
"548",-4.88811519665703
"549",-3.63423494420355
"550",-2.18040072979201
"551",-1.51661770457778
"552",1.66710857554235
"553",1.88077659576518
"554",-1.78561515871252
"555",-4.53206820269398
"556",-2.77857497235645
"557",-2.01512841197317
"558",1.17826920150872
"559",2.10161559114208
"560",0.464908479979762
"561",-2.46185704497761
"562",-0.448685923174054
"563",-2.07560697461949
"564",-2.19264882226519
"565",-1.18981348713737
"566",-5.37710299026223
"567",-5.27451935266596
"568",-4.33207209610143
"569",-1.99977042911042
"570",1.1223840970975
"571",4.25438993131275
"572",3.16624552232575
"573",-2.11205081968098
"574",-1.78050026442448
"575",-2.07910358296368
"576",-0.627861546357517
"577",0.283225074335071
"578",2.55415842210562
"579",0.344940504517565
"580",1.69557034736989
"581",-4.86395302353847
"582",-4.95363058240853
"583",-2.37345991287212
"584",-3.10343795742986
"585",-2.91356472858596
"586",-0.583840238844671
"587",4.49573549928978
"588",4.43516247331316
"589",2.04444067072125
"590",3.10364512886474
"591",2.24285001503327
"592",-2.54794598836899
"593",-0.35874419893786
"594",1.30045406573081
"595",-1.99035267807497
"596",-0.281166918737629
"597",1.69800851914134
"598",5.72717081096043
"599",-0.813682867881854
"600",-2.24454448461593
"601",4.35459380952321
"602",3.65372891392716
"603",1.28285772798754
"604",-1.48802284890405
"605",0.15110215356866
"606",5.7702477759088
"607",6.12941102278824
"608",0.548588898878892
"609",-3.69222159114738
"610",0.916974479492756
"611",1.99617202930293
"612",-2.24465093379714
"613",-2.69551731094524
"614",0.45356852652475
"615",-2.74739779272107
"616",2.03157935998343
"617",-3.03951586955685
"618",-3.76069952326225
"619",-1.25197625405461
"620",0.716649285144248
"621",-3.9548275585875
"622",-0.206418582391349
"623",-0.188135683909287
"624",1.67001633318616
"625",5.94803266522245
"626",-0.104091491472941
"627",-3.68635076341542
"628",-4.42873983347648
"629",-3.31126358986278
"630",-2.453926920781
"631",-2.09673471443781
"632",-0.0297054139009401
"633",1.58714270901066
"634",-0.656194977036472
"635",0.0502768966241831
"636",-1.10344630134085
"637",-2.28736920226503
"638",-2.38149643748184
"639",-0.37569166478538
"640",-3.78981987614797
"641",3.76611229582956
"642",0.262098218546395
"643",-5.05186874059829
"644",-2.67577307509642
"645",5.99040059842851
"646",1.68664546267834
"647",-0.807045299645095
"648",0.429321494160034
"649",-2.9042393926075
"650",1.5522865117413
"651",2.92889195249355
"652",0.365569674936404
"653",-1.667687575643
"654",-0.600881632460519
"655",-1.04401374481239
"656",-4.047090291532
"657",-0.130117651452769
"658",-0.233102203408102
"659",-1.21605209438935
"660",0.971024517848926
"661",0.748114475843009
"662",-2.09479501800916
"663",0.11229018110666
"664",4.78936421800472
"665",2.88642123749927
"666",-1.34654200808682
"667",-1.66952918460423
"668",1.93745322550095
"669",-3.3756012602174
"670",-0.508699124205384
"671",-5.08184199715532
"672",-1.76503214518052
"673",0.501722996141435
"674",1.30841599123297
"675",5.21503940451651
"676",4.12159722093453
"677",-0.861906650256294
"678",-1.75547975816224
"679",2.7708703481104
"680",-0.452863880544635
"681",-1.85670688438472
"682",-0.820683161395946
"683",1.4951996527223
"684",6.24093392227062
"685",2.20651201154962
"686",-0.538073715140076
"687",-2.17283089349786
"688",-3.05762690592159
"689",0.307671961596961
"690",1.01305971796751
"691",-0.661469627900235
"692",0.964077932903436
"693",3.03970769404989
"694",3.39542565131688
"695",-0.53877313322624
"696",-0.512893597510125
"697",-0.646940679465429
"698",0.159102031626821
"699",3.13525112832896
"700",3.07150194547537
"701",-2.19215018209956
"702",-2.83570991956145
"703",-1.92919480876373
"704",-1.40262211368207
"705",-1.20599608266543
"706",-2.36932096406277
"707",-1.88260100622306
"708",-0.365843043222203
"709",-0.439053740265669
"710",-1.43225176548409
"711",-0.86545563948361
"712",5.51133086397915
"713",2.65810397114761
"714",1.70485990826517
"715",-0.448385570185854
"716",1.38838291927704
"717",-1.33483895360254
"718",-0.188055519080949
"719",0.408728892585428
"720",-0.72447623149421
"721",-1.40766124386423
"722",2.87916976573864
"723",2.09601270757767
"724",-0.457136508083854
"725",-0.850275068321334
"726",2.03660003470266
"727",3.6234850036206
"728",2.49037604106497
"729",2.47726934966824
"730",1.00415241012747
"731",2.94980966973588
"732",0.116113345230481
"733",-3.39762789823891
"734",-2.25141832334693
"735",1.33473780723178
"736",-1.17916376917742
"737",-1.57307996660916
"738",1.65303499808069
"739",0.679180907985696
"740",-2.08464245380063
"741",-4.45843530418474
"742",-5.71220885831388
"743",-4.09597388425387
"744",-4.24972992828913
"745",-3.68347653670408
"746",-2.75721325578311
"747",-3.11093682587976
"748",-0.95464329709265
"749",-0.618331180323777
"750",-3.57199898647516
"751",0.784354773551183
"752",-1.38928378668501
"753",3.05707131347371
"754",0.483421363771935
"755",-3.89023234604579
"756",0.916111473765117
"757",-3.98754588705078
"758",-1.8912031387489
"759",-1.59486312296356
"760",-1.71852935471273
"761",-0.502201554327437
"762",3.29412055786133
"763",3.59043726152255
"764",-1.25323034978232
"765",0.723139042530439
"766",0.949546055663232
"767",1.73599130681847
"768",5.20247541319856
"769",5.72900007652131
"770",1.04556752287534
"771",1.44217915601928
"772",2.33883637971176
"773",-0.7244594022886
"774",-2.27771290033564
"775",-2.79092831849482
"776",-0.234103493574931
"777",4.46276373761522
"778",0.379675538266817
"779",-1.05336524468968
"780",0.133644177751911
"781",-1.18930282642845
"782",0.0177870399929549
"783",4.31491574718661
"784",3.04208526532299
"785",0.779297564572587
"786",2.56650647182353
"787",4.84366816015428
"788",5.4207881190208
"789",4.23787183787909
"790",3.57492480618511
"791",6.17193832369355
"792",5.50890339041876
"793",6.61582504620619
"794",4.45270833090131
"795",-0.670441715650425
"796",5.20636272703925
"797",6.28310986823747
"798",1.73980533095802
"799",0.786454738214703
"800",0.563063713021299
"801",6.81963747758917
"802",2.9761806478992
"803",1.25269793761941
"804",-1.17080593958215
"805",-1.26432627003744
"806",-1.12785834007842
"807",0.868602563962954
"808",2.63507964876973
"809",0.201595605341193
"810",2.14815437381971
"811",1.20475989434765
"812",0.221416107067391
"813",-1.68186994400364
"814",-3.57509060962284
"815",-1.78824104181002
"816",-1.23131639258503
"817",-2.2143118139677
"818",-2.3772371876614
"819",0.269897915602742
"820",-0.57290118973677
"821",-0.935629189241432
"822",-0.288280768472728
"823",-5.1608693586631
"824",-2.88340825832416
"825",-3.08589195393619
"826",-6.56831493197946
"827",-5.99067167893424
"828",-6.71295402106757
"829",-2.83515373806689
"830",3.41272543810451
"831",2.28067989586438
"832",-2.52128460082663
"833",-2.47316228800782
"834",-2.39494740171852
"835",-3.35669627240715
"836",-4.64846660773834
"837",-3.33025470957568
"838",-3.46205687978279
"839",-2.06386942022327
"840",-2.19568722606272
"841",0.112494267869344
"842",3.51067795021339
"843",4.9988667096099
"844",2.68706343469935
"845",-0.484752056557248
"846",2.04339987892636
"847",1.79152186747854
"848",-2.57038346457238
"849",-1.67231349089802
"850",1.55575567353856
"851",1.87384747370221
"852",1.72196387581312
"853",1.85010684609144
"854",1.48827835075736
"855",-0.723519643968938
"856",1.42471482813271
"857",1.80300997554734
"858",3.46139417460032
"859",1.57986964327239
"860",2.73843859954427
"861",2.17710326139667
"862",-4.1541538589783
"863",0.474650341160912
"864",4.52351896561923
"865",2.19245511820158
"866",-2.37853809728713
"867",-4.48947479353909
"868",-4.5603693659954
"869",-2.32121913497446
"870",0.0279785792053016
"871",-0.192773543774521
"872",-1.34348456183908
"873",-1.18416404214562
"874",2.9051899311393
"875",2.44457927384914
"876",-2.36599409818268
"877",-1.1265293150562
"878",2.40297459677482
"879",-0.287497417386019
"880",-2.7179600677765
"881",0.241589233594233
"882",2.81115307471702
"883",2.95073404358271
"884",-1.70968909168235
"885",-1.18013871958271
"886",-2.19061398707387
"887",-0.131114041111349
"888",2.03836197134935
"889",-0.122176048361887
"890",0.747281886343661
"891",-0.893263243601297
"892",-3.17381045726402
"893",-0.4443587737118
"894",-0.0649180417618691
"895",0.104501390247334
"896",1.44389975396673
"897",-2.35672271895275
"898",-3.12736579686018
"899",-4.51800626662826
"900",-4.7386205718584
"901",-0.999207965992779
"902",4.44023229752646
"903",-0.320299034742836
"904",-0.180801216242841
"905",1.1787264995843
"906",1.28829418803757
"907",-2.51208732490233
"908",-2.60241616665501
"909",-1.05269046464008
"910",-2.58290834627714
"911",-2.42309433268685
"912",0.666726758337337
"913",2.65655635436666
"914",2.60639588297235
"915",0.956246771725633
"916",2.0161062047335
"917",1.99597096136158
"918",1.90584186206904
"919",1.03571972731505
"920",0.685605377558774
"921",-3.86449128811467
"922",-1.80456087871612
"923",-1.11460333593033
"924",0.305381398557945
"925",2.56539338306395
"926",0.035430039850711
"927",1.74548876473657
"928",-2.38445692702598
"929",-1.40443332312585
"930",0.395559890673161
"931",-2.39447697139276
"932",-4.29454359508744
"933",-0.654580395793454
"934",0.37546935370939
"935",-6.2043983184386
"936",-5.27418738409709
"937",1.03609818487424
"938",5.95645427800781
"939",2.18687730493648
"940",1.08736407395123
"941",2.53791139334301
"942",2.4485160714028
"943",-0.180822169527987
"944",-0.690103742535985
"945",0.160667957527673
"946",-0.0985104641881627
"947",-3.38764240253463
"948",-1.10672786179363
"949",1.76423379488411
"950",1.95524013434427
"951",2.98628872343251
"952",2.9673771289945
"953",3.40850291787593
"954",1.01966365692244
"955",-0.819152132509227
"956",0.522044157233465
"957",4.53325022243995
"958",5.02446375939964
"959",-0.314317535598024
"960",-1.70309613237978
"961",-4.59187550544282
"962",-3.21065946550336
"963",2.12054817672235
"964",2.98174361051806
"965",2.45293388253862
"966",0.554125855434288
"967",4.75531544248192
"968",-1.51350144304161
"969",1.61767111214056
"970",-0.841152907770036
"971",-0.819959448385026
"972",3.94124750885273
"973",2.26246398250039
"974",1.72368599111509
"975",0.834907475365407
"976",1.71612236764023
"977",-2.22269231025546
"978",1.62843955442582
"979",1.97951260423541
"980",3.38052148172471
"981",3.76146082944507
"982",1.09242581786828
"983",-0.626486872543039
"984",-1.21528033425126
"985",-3.44395765971874
"986",-1.11252194140783
"987",-1.06098341600059
"988",-3.23935242067953
"989",-4.07763219865772
"990",1.50417400685177
"991",-2.14393704736413
"992",1.97804157263864
"993",4.34011674444804
"994",0.362285140316873
"995",0.124543432497925
"996",3.886888293244
"997",-1.4406971600532
"998",-2.91822963875314
"999",-5.45571221372983
"1000",0.656852044142719
"1001",5.90946006399048
"1002",1.43210877493947
"1003",0.344795106115654
"1004",-0.242499600607253
"1005",3.45020611935607
"1006",-2.28709062080097
"1007",-0.684392707884959
"1008",-2.69170302870248
"1009",-2.10900233095124
"1010",-2.63627148546048
"1011",-3.73351356373414
"1012",-3.92073163727616
"1013",-1.17792877759046
"1014",-0.00508647558403119
"1015",2.65781348622633
"1016",2.540767598922
"1017",5.68377235358436
"1018",2.15682424129477
"1019",0.929925174631618
"1020",1.5930776500929
"1021",-0.303720965360549
"1022",1.81952669523209
"1023",0.32281799883166
"1024",-0.0538514557589771
"1025",-1.96048608050014
"1026",1.32290471293868
"1027",2.08631187274967
"1028",2.3997332895413
"1029",0.983166853922043
"1030",2.58661045650039
"1031",1.36004368945038
"1032",-2.05655031163118
"1033",-2.44316834100162
"1034",-0.94980719291828
"1035",0.32353633836148
"1036",-1.7431296896659
"1037",0.98020214507504
"1038",-1.34646590480452
"1039",-4.43313158669341
"1040",-5.31979264798043
"1041",1.39356458446566
"1042",2.31695370809028
"1043",-1.66962313802408
"1044",-4.23616381479493
"1045",-0.852666183139812
"1046",-0.349144995127306
"1047",-1.40561506055476
"1048",-0.782074326932799
"1049",1.17147925822795
"1050",-2.15495225258315
"1051",-5.79136680687671
"1052",-1.71776235216338
"1053",-4.69415151235316
"1054",-1.52054705026785
"1055",-1.8069471217858
"1056",5.02665011721464
"1057",2.06024651085511
"1058",1.34385518801893
"1059",3.30748997969578
"1060",2.08115378316695
"1061",1.01484949571373
"1062",2.7885800146174
"1063",3.50236958580887
"1064",4.48624263706242
"1065",-0.469797661575642
"1066",-1.22574814005898
"1067",-0.461605628341269
"1068",0.152620166935987
"1069",-1.41308018299094
"1070",0.991296908740935
"1071",-1.96424497100542
"1072",-0.469702235367038
"1073",0.35492611679213
"1074",-2.61035874452146
"1075",-1.69556765222649
"1076",2.97928870828281
"1077",1.76421439846178
"1078",-1.38078652023423
"1079",0.274290013650116
"1080",0.629282311618031
"1081",0.374031998271887
"1082",0.658548104715786
"1083",0.112839662053801
"1084",7.11691570139003
"1085",5.29079907119412
"1086",0.0145127802821641
"1087",4.00806610027789
"1088",0.631468302805045
"1089",3.18472865948735
"1090",1.19786334460988
"1091",0.690888727370522
"1092",-1.5161856282378
"1093",2.85664984177787
"1094",5.24940470141046
"1095",2.78207979271748
"1096",4.13347292435261
"1097",2.30546967441333
"1098",2.89739206940991
"1099",-1.55075079197183
"1100",-2.35894981104606
"1101",3.13280411087302
"1102",1.84451588899634
"1103",-1.42380985180632
"1104",-1.2921644483608
"1105",0.249460762507034
"1106",-2.31892555602868
"1107",-0.367325739034536
"1108",2.05425832550421
"1109",2.70583597138377
"1110",1.77741653240033
"1111",2.9090093423501
"1112",-3.03937345903984
"1113",-2.67771904178749
"1114",-1.53601703671425
"1115",-0.184257074641536
"1116",-1.32242878639074
"1117",-0.890537178321534
"1118",-3.13858738969583
"1119",-0.206569250688462
"1120",4.52552740852575
"1121",-0.562287242228013
"1122",-3.26000303312457
"1123",-3.65760979433874
"1124",-0.455101487424217
"1125",-2.67247274731838
"1126",-2.14971441427162
"1127",0.153182671465654
"1128",-2.34377233035695
"1129",-0.980750375888372
"1130",0.602075735057898
"1131",0.534712396734692
"1132",1.32716600339483
"1133",3.19944294929114
"1134",-1.46844928680815
"1135",0.0534972982359907
"1136",1.35528988523261
"1137",1.65693565499075
"1138",2.39844178831945
"1139",-1.15019064808471
"1140",-2.65896008123677
"1141",-2.79785857089511
"1142",-1.09687817681813
"1143",0.523989041235794
"1144",-0.00524829275248706
"1145",2.28541838727365
"1146",3.86598822634456
"1147",3.37646029873439
"1148",-0.523157648335971
"1149",2.50714213235438
"1150",0.847367388026356
"1151",-0.462468343339442
"1152",-2.18235176067029
"1153",0.497724527892892
"1154",-4.28223208579083
"1155",-2.4422142098624
"1156",-2.84222864216402
"1157",-5.80228248027825
"1158",-4.59236878195656
"1159",-3.65248060495037
"1160",-0.772611007011154
"1161",4.50722973475246
"1162",-0.812968267989303
"1163",-0.253197489819557
"1164",-2.40345040532143
"1165",0.276280510921977
"1166",-2.46399761647489
"1167",3.09572173087193
"1168",-2.42455483096643
"1169",-1.74482068591883
"1170",0.164930782085856
"1171",-2.29529381088123
"1172",0.304512151251032
"1173",-0.725626222431202
"1174",0.244315661474435
"1175",-0.105656354486589
"1176",-2.54553642776881
"1177",-0.625318715826765
"1178",2.67497423251555
"1179",4.68531461798821
"1180",-3.32429959253218
"1181",-3.16387043216905
"1182",-5.04339993404578
"1183",-3.20290486096933
"1184",0.847598335225594
"1185",1.80810808787392
"1186",-1.8513771696894
"1187",-2.90085900412945
"1188",-2.17035772778223
"1189",-4.28989352026294
"1190",-5.08946774915542
"1191",-3.46908178204353
"1192",0.2112630134889
"1193",0.591567930071239
"1194",-2.42816569308751
"1195",-1.57794846905422
"1196",-2.60779089051472
"1197",-1.90769407461192
"1198",-1.65765913848871
"1199",-2.27768719928799
"1200",-1.83777288731216
"1201",2.47208933658133
"1202",0.291898609416998
"1203",3.26165406821939
"1204",0.661354850013034
"1205",3.53100149852049
"1206",3.24059401780036
"1207",-0.259869264618732
"1208",2.22960997879184
"1209",-1.58096992443931
"1210",0.648366282536971
"1211",0.277593681695084
"1212",-1.97328966174848
"1213",0.965714317422774
"1214",1.26460368442535
"1215",-3.40660223681566
"1216",-0.487884562447274
"1217",2.56075411263884
"1218",3.38931119355099
"1219",-2.3722159146025
"1220",-6.08382980671333
"1221",-7.73553307767316
"1222",-5.75730208010883
"1223",-3.29911299880682
"1224",-3.58096817689825
"1225",-3.22286995751427
"1226",-0.684820683786022
"1227",-0.516652125433003
"1228",-4.08820129034437
"1229",-3.13947837890569
"1230",-4.17049359150255
"1231",-2.34125712852052
"1232",-1.45179640684232
"1233",-1.42213912609952
"1234",0.217704089198959
"1235",0.967722614544209
"1236",2.34790582542732
"1237",5.09823135973263
"1238",1.05867634611241
"1239",-0.450770603790392
"1240",-0.410120878332849
"1241",-0.319385865872
"1242",0.921421999301595
"1243",-2.94770961345632
"1244",-1.73680906303265
"1245",1.23409563614434
"1246",1.49499376787499
"1247",1.06587461595965
"1248",1.70672746419868
"1249",4.34754330649524
"1250",4.17831326930811
"1251",-0.0309731647289375
"1252",0.429673487017842
"1253",4.10024270718221
"1254",2.74073302668332
"1255",3.11114306169915
"1256",-4.2285375772483
"1257",-2.30831927963706
"1258",1.52178756505486
"1259",-3.8982382624005
"1260",-3.32841848075233
"1261",0.611235771239574
"1262",4.6107133548154
"1263",-0.85999686878467
"1264",-0.15088305684406
"1265",3.32806697662508
"1266",-1.03315739223016
"1267",-4.39456678726265
"1268",0.743828167674703
"1269",2.08201684872901
"1270",2.33998863204737
"1271",4.04774222251806
"1272",3.04527707571101
"1273",1.2525836937959
"1274",1.19965257894238
"1275",1.76647423332011
"1276",1.7232677171943
"1277",2.11025476096316
"1278",1.19742987199586
"1279",-3.7552124423384
"1280",-3.30767767467045
"1281",-1.64997556109534
"1282",-4.17211624244949
"1283",-3.96410581847579
"1284",0.164049611082888
"1285",0.112343946483666
"1286",3.06078016660961
"1287",2.71936074224783
"1288",2.30807881151152
"1289",2.1269275125139
"1290",-4.61410001663185
"1291",-5.84501327386476
"1292",-4.73582178356853
"1293",1.83344104930729
"1294",0.912742016871757
"1295",1.412074513159
"1296",-1.17856806779685
"1297",-1.07919233196163
"1298",0.36018761397211
"1299",1.08955797652296
"1300",2.40891261954167
"1301",2.03824540687899
"1302",-0.65244979761429
"1303",-1.23317926869533
"1304",-0.103948761020808
"1305",1.69523636941066
"1306",0.544370766600494
"1307",2.95344907455009
"1308",3.22246885131132
"1309",3.31142751950797
"1310",2.56031951999936
"1311",3.19913929364478
"1312",3.60788128130353
"1313",1.78654331440413
"1314",2.75512386550631
"1315",4.74361833716619
"1316",4.57202213193986
"1317",1.75033065238344
"1318",0.288539301053047
"1319",2.59664348050477
"1320",2.35462954780578
"1321",0.992483946319062
"1322",-0.799797791955516
"1323",-2.81222013501809
"1324",-0.154787550868804
"1325",1.95249120039635
"1326",0.559616292288963
"1327",0.436596657220241
"1328",1.26344122760142
"1329",0.620158935843726
"1330",-0.813230428270533
"1331",1.28329274103636
"1332",-1.12026289983126
"1333",1.50611130553094
"1334",0.932424013527285
"1335",-0.83129804851322
"1336",-0.815028083074736
"1337",-1.65875732847265
"1338",1.65752297697765
"1339",3.31382159496077
"1340",-0.179854790727255
"1341",2.49650049542995
"1342",-0.547122781635174
"1343",0.499264233952299
"1344",-3.45433107212879
"1345",1.1420986858004
"1346",1.41856089341871
"1347",0.245051453543775
"1348",1.42156608126796
"1349",-0.371888119317831
"1350",-3.70530404412271
"1351",0.12132541094423
"1352",-1.43199979424579
"1353",-1.71527980032203
"1354",2.14149234605572
"1355",2.31832359822762
"1356",-0.134779090466113
"1357",-0.817798589528172
"1358",2.33928217518268
"1359",0.9564700724725
"1360",-1.88622802885266
"1361",-2.12880525998675
"1362",0.238731693015225
"1363",-4.14362368465296
"1364",-1.18586426731205
"1365",1.2220170707172
"1366",-2.92997254488594
"1367",-3.41182598844225
"1368",-2.30353613427245
"1369",-5.09511144394959
"1370",1.09343974366493
"1371",6.55212473831776
"1372",0.550950849755585
"1373",0.239925387725087
"1374",-0.881142061777402
"1375",-1.51244103910136
"1376",6.68603707598117
"1377",4.89430090369812
"1378",3.23235906427743
"1379",-0.79975824145601
"1380",2.55797889571289
"1381",6.73557865859737
"1382",-0.926950769989311
"1383",-1.45960120723391
"1384",-4.79235904882617
"1385",-4.03521010653622
"1386",-2.73814532167134
"1387",-0.821155635538844
"1388",1.27576801055398
"1389",-0.307367092858119
"1390",-2.82055366600359
"1391",-0.343789428820036
"1392",7.81292825861659
"1393",0.919608978646634
"1394",-1.50373768638955
"1395",-1.70710215415159
"1396",2.6595277652095
"1397",-0.263836156630862
"1398",-1.55718496459267
"1399",-2.17050970359592
"1400",1.1961985814394
"1401",4.32295369734707
"1402",0.0397688155398743
"1403",-0.093348062033634
"1404",-1.38638893342494
"1405",-3.5793457966855
"1406",-2.27219922934673
"1407",-0.554929884625841
"1408",3.05247012589698
"1409",7.08000869064158
"1410",1.75769369802777
"1411",1.05551614532431
"1412",-0.206533027928788
"1413",-2.18844601990481
"1414",-0.240215028777037
"1415",-3.27183225271875
"1416",1.48671011009678
"1417",1.15541986149626
"1418",3.97429012690703
"1419",2.44331389284465
"1420",2.3524987527681
"1421",-1.2181476998636
"1422",-4.18861787159147
"1423",-1.60899705142282
"1424",-4.04937698029047
"1425",1.72024025737639
"1426",11.0498525771486
"1427",-1.48054210540315
"1428",-2.97092452605834
"1429",-1.1912752387532
"1430",-1.65159605515191
"1431",-0.111888786918616
"1432",-2.75215524571748
"1433",-4.0424101199005
"1434",-2.51266781994187
"1435",-1.41292974068912
"1436",-1.97319727698974
"1437",-2.78347182369125
"1438",-1.9637573613681
"1439",-3.1340577017243
"1440",2.07561134061095
"1441",-1.45476590146703
"1442",-0.37519034821339
"1443",-0.225662919883282
"1444",-1.27618453673185
"1445",-3.12673659077531
"1446",-2.48730084502972
"1447",2.29212122375
"1448",-1.25847186119109
"1449",-2.15908157660788
"1450",-2.48969558188974
"1451",1.82969862392042
"1452",-1.48090019541268
"1453",0.338506723875696
"1454",1.98791814555027
"1455",-1.20266026396289
"1456",-1.21322264332491
"1457",-0.823769936401863
"1458",-0.85430308705981
"1459",0.635176960835178
"1460",0.964660541481591
"1461",-2.28706504432587
"1462",0.181875273651237
"1463",-1.3292069859358
"1464",-1.08031323226018
"1465",1.00855512550492
"1466",-2.4026033218137
"1467",-1.29379416686412
"1468",-2.46502329263556
"1469",-0.536292543812882
"1470",-1.49760376508094
"1471",-0.568958801124619
"1472",-0.820251111426325
"1473",-0.301378072914234
"1474",3.54765259355815
"1475",0.0168331671373316
"1476",0.346155926969812
"1477",-2.90438404186703
"1478",-2.84479096404088
"1479",-2.60507152502284
"1480",-0.855232410284019
"1481",-2.29528030529552
"1482",1.23476272893331
"1483",1.68487449849084
"1484",0.915048118552544
"1485",-1.75472329570608
"1486",-1.44444662910957
"1487",2.75587123351757
"1488",0.85622340735082
"1489",-1.9434011238132
"1490",0.636985950438417
"1491",0.657376735205583
"1492",0.0577633355882039
"1493",-3.54186214331381
"1494",-0.681486782508102
"1495",3.69890256201996
"1496",1.7292983329037
"1497",3.51969297277643
"1498",-0.309921075728512
"1499",-2.87955028546243
"1500",-3.15920060490577
"1501",0.841121195131006
"1502",-0.158591656162576
"1503",1.08165407040303
"1504",0.9318454899049
"1505",-1.87802977629152
"1506",-6.61797773956411
"1507",-2.21800441129076
"1508",-3.39811580284937
"1509",-2.42831724187858
"1510",-3.43861411394128
"1511",-0.759021225626613
"1512",0.950446545720061
"1513",2.74978299570013
"1514",-0.921018080085007
"1515",-3.28196288603395
"1516",-0.693051835785594
"1517",-0.414285579886711
"1518",-4.63567067809774
"1519",-4.81721369017912
"1520",-1.97892117589129
"1521",-0.280668826731976
"1522",-0.24232942126446
"1523",-2.73390514984744
"1524",-5.39539820283962
"1525",-3.01681077059972
"1526",-5.53816226284363
"1527",-1.95947170050838
"1528",0.799259309215653
"1529",3.3480291591381
"1530",7.12683624206857
"1531",8.18567855001428
"1532",4.14455346875193
"1533",7.82345848174538
"1534",7.20239107245853
"1535",4.21134872435523
"1536",2.65032892089937
"1537",2.54932914555483
"1538",2.11836537480048
"1539",3.18745306943144
"1540",2.73658893938593
"1541",3.39576969460214
"1542",4.01499204501829
"1543",2.21425580444763
"1544",-0.176438608071384
"1545",-0.887093574762753
"1546",-2.42771147785047
"1547",0.991705300441462
"1548",4.33113964820551
"1549",0.480574764506366
"1550",0.440008733578383
"1551",3.0794396396559
"1552",-1.07113443302674
"1553",2.85826585409387
"1554",3.73761997230194
"1555",3.83692620491303
"1556",2.35618283524269
"1557",3.6353881466065
"1558",3.71454308253325
"1559",4.09364863313133
"1560",4.5426938362333
"1561",3.11166785005273
"1562",6.01056920834611
"1563",4.15939644486997
"1564",8.03814809338082
"1565",2.07682917447566
"1566",0.285444878196447
"1567",-1.79600600753288
"1568",-1.32752469478836
"1569",-1.42911239564608
"1570",0.539212656007773
"1571",-3.85256278235158
"1572",-2.25443243575805
"1573",-4.56639002924553
"1574",-2.57842928784792
"1575",-2.45056700727859
"1576",-1.12282015812568
"1577",-1.07518272773521
"1578",-0.637648703453204
"1579",0.35978792737431
"1580",-0.212845563890095
"1581",-1.09552234595595
"1582",-1.54823706627746
"1583",-3.72098437230884
"1584",-1.28375891150428
"1585",2.303444668682
"1586",3.9506317207958
"1587",-0.672166160352232
"1588",0.985082787888908
"1589",1.50238416982556
"1590",1.45974358976406
"1591",2.79716665201075
"1592",0.464639255083352
"1593",-2.70785211195096
"1594",-0.0603009589616317
"1595",1.40729920418186
"1596",-1.16504513238995
"1597",-4.47734469504363
"1598",-1.74961049289466
"1599",-2.71183645993583
"1600",-0.664016530159939
"1601",0.913855362440222
"1602",-1.93822645373488
"1603",0.619731840483134
"1604",-2.89226445274668
"1605",-3.95421003126525
"1606",-3.26609959291353
"1607",-1.22792888146594
"1608",1.60030646294938
"1609",3.90859477196164
"1610",1.47692472165869
"1611",1.13530228635699
"1612",-3.79626655962698
"1613",-2.25777584197677
"1614",-2.51921787627309
"1615",-2.79058484554103
"1616",-2.00187057663071
"1617",0.956931103607724
"1618",0.725826368324167
"1619",-2.83526870660455
"1620",-0.966438783206485
"1621",1.39232120481088
"1622",1.01101632374007
"1623",-0.560348360126397
"1624",0.618221389754057
"1625",1.98671931040278
"1626",-0.874850281169486
"1627",0.723516932047968
"1628",2.45182526706588
"1629",1.36010202237135
"1630",-0.261625160277246
"1631",1.27664855103775
"1632",0.0149279882339659
"1633",-0.546782016770946
"1634",-6.10847663205934
"1635",-5.15015102571359
"1636",0.458208962925116
"1637",2.55661824519726
"1638",1.56508277904304
"1639",3.21360852240265
"1640",4.08220143321629
"1641",2.5408410757231
"1642",3.82950671748942
"1643",3.91820387144631
"1644",3.86693805052478
"1645",1.11571476765586
"1646",-1.82546470769363
"1647",-1.2465995107983
"1648",-0.937684735839152
"1649",-0.00871547699723507
"1650",-0.0596868284535734
"1651",-1.31058480576325
"1652",-0.751395932577301
"1653",0.837883934779319
"1654",-0.542741060018338
"1655",1.21673322670477
"1656",1.98630830257145
"1657",0.0959856487598749
"1658",1.06574286588232
"1659",-1.9544422483903
"1660",-3.75456529446201
"1661",-3.04462187273682
"1662",0.255392416381261
"1663",2.49547447176156
"1664",-5.87437849451551
"1665",-5.85416161303734
"1666",-3.82387001439132
"1667",1.98650117083517
"1668",-4.8930498504983
"1669",-2.86252960176996
"1670",1.83805969107603
"1671",-0.311284197904481
"1672",-1.40056349465564
"1673",-0.829777511071146
"1674",-3.53892569447276
"1675",-1.78801047394672
"1676",-1.4470342785793
"1677",3.56400046254325
"1678",2.8450947109039
"1679",2.71625006911682
"1680",1.80746506979255
"1681",-0.261261754458332
"1682",-0.179931871025296
"1683",-2.43854674729778
"1684",-0.927107850665239
"1685",0.134374305993937
"1686",0.475889296097176
"1687",1.78743578169879
"1688",-0.820987575146919
"1689",0.240617887614359
"1690",1.65225066592077
"1691",0.763908251040034
"1692",-4.35441220197923
"1693",-4.52271353808836
"1694",-2.36099860223872
"1695",2.61074061798941
"1696",-1.48748804898883
"1697",1.8143122758683
"1698",1.94613847160257
"1699",0.477987417255711
"1700",3.01987406279413
"1701",-5.45818657162889
"1702",-1.89619750169135
"1703",0.7258382569288
"1704",1.98791768855358
"1705",-1.79996430038356
"1706",-0.617812811728841
"1707",0.0443501420876036
"1708",0.19650163957812
"1709",1.44863728905896
"1710",-0.949247301153612
"1711",-3.56715652274335
"1712",0.464893749744801
"1713",3.44688745404064
"1714",0.558819916872448
"1715",2.83068646496856
"1716",3.5624824250573
"1717",3.51426536231214
"1718",0.736093552114792
"1719",-1.50203661349409
"1720",-4.22012874247386
"1721",-2.36818644278386
"1722",-0.246203145226305
"1723",-0.784172336959506
"1724",1.13790228952306
"1725",0.400017041727905
"1726",-2.33783177283845
"1727",2.53433859846945
"1728",2.65651107954583
"1729",-2.18131776522958
"1730",-3.16915137147707
"1731",-1.71699317481694
"1732",-0.394846610869452
"1733",-1.98271511525491
"1734",1.02938228915412
"1735",-1.77857329780332
"1736",-2.71658512768009
"1737",1.28534354797095
"1738",5.97720947759693
"1739",-2.84096845124612
"1740",0.230828525866276
"1741",1.6325969726839
"1742",3.74433345295655
"1743",1.28603453043401
"1744",5.65771834946303
"1745",1.81940276278053
"1746",-3.29891610327838
"1747",-2.45724212237861
"1748",-0.685579168185065
"1749",5.18607430713436
"1750",6.14772043533141
"1751",2.54935621862061
"1752",-4.12902134078347
"1753",-1.42741524066629
"1754",-1.90583024697123
"1755",0.58572886359509
"1756",2.46725231461692
"1757",-0.471269310459839
"1758",-0.259838485772992
"1759",-4.17845768546033
"1760",-2.17712938365966
"1761",0.994146552999885
"1762",3.67536983971555
"1763",-0.21346262491079
"1764",-3.9223539422773
"1765",-4.05130721378211
"1766",-1.12036327180301
"1767",-2.39955743909462
"1768",0.271115447379691
"1769",3.38166055065651
"1770",4.29208303377246
"1771",3.1023994802842
"1772",0.822626398062585
"1773",2.83276883661553
"1774",1.26283184545093
"1775",3.34282047407669
"1776",2.84272288084964
"1777",3.28252716639788
"1778",7.70223829363619
"1779",-2.04813877452063
"1780",-1.27859907515778
"1781",0.48086235463953
"1782",0.650250477786097
"1783",-0.730444419202655
"1784",0.838767811276888
"1785",-1.35210807622819
"1786",-1.12306732717083
"1787",-4.19410518700394
"1788",0.484794383581191
"1789",3.54364812599969
"1790",3.11246184795828
"1791",0.741241357163663
"1792",0.609992461322541
"1793",-1.28125768320874
"1794",-0.402481738230497
"1795",-0.363673623270966
"1796",2.47517274214159
"1797",1.43406343847893
"1798",3.24299166952497
"1799",2.57195091694143
"1800",0.170947678016676
"1801",3.40998845003913
"1802",3.69907973029719
"1803",3.01822543035232
"1804",1.04742963063639
"1805",1.95668440865616
"1806",0.425981989442818
"1807",0.105329344877138
"1808",0.854733446839877
"1809",-0.0957987327881948
"1810",-0.946240693887386
"1811",-2.50656630733785
"1812",-1.82676915775859
"1813",-0.0768428297686281
"1814",0.723219092013032
"1815",2.09330874577579
"1816",1.3133168265776
"1817",-0.896752414897747
"1818",-0.276894727966445
"1819",-1.32710586194469
"1820",-0.717374663487352
"1821",-1.92768978433647
"1822",-2.03804668143904
"1823",-1.46844081174205
"1824",0.9211323678075
"1825",-1.04933132167282
"1826",-2.70103909246924
"1827",-1.23211038742424
"1828",-3.84322820096745
"1829",-1.194388455353
"1830",0.0944129271649992
"1831",-0.816819975667556
"1832",-1.40808726957969
"1833",0.720610649358466
"1834",-3.05072257661889
"1835",-1.41208330527753
"1836",-0.683467894383247
"1837",0.265116300057416
"1838",-2.21633763088071
"1839",-3.96782537434137
"1840",-0.399342617468269
"1841",-0.970885047405162
"1842",-3.12244554536489
"1843",-1.76401630230538
"1844",-1.22559196998798
"1845",-0.0771672001740136
"1846",-0.918736644624817
"1847",1.10968966936001
"1848",-0.441898418421381
"1849",-2.51349575908375
"1850",0.71490279625815
"1851",-1.27669760351043
"1852",0.521708190495751
"1853",-0.779874672838053
"1854",0.318554823994546
"1855",1.29699702511622
"1856",0.715456069336652
"1857",-0.286063904534496
"1858",1.01244124231246
"1859",-3.62900353742037
"1860",-3.75037306600856
"1861",-0.421662867109058
"1862",-0.132868464378756
"1863",-3.36398538147457
"1864",-1.03501236027292
"1865",-0.215952669156101
"1866",-2.71680862153988
"1867",-0.017582530840011
"1868",-3.87827671047226
"1869",-0.928899587964843
"1870",2.66054091544239
"1871",3.62004324576626
"1872",0.819605849023567
"1873",0.939227171231131
"1874",-1.99109365785499
"1875",-0.601357566402983
"1876",-1.42157490360729
"1877",-0.71175608941858
"1878",-0.911902870840748
"1879",-1.28201699487769
"1880",-2.24210020853332
"1881",-1.85214846805182
"1882",-2.27215796658526
"1883",-1.59213080649938
"1884",-1.47206909015991
"1885",1.36802508006741
"1886",-1.93186458788442
"1887",-1.69175468582278
"1888",-0.881647765723919
"1889",0.258453620435915
"1890",1.13854692068048
"1891",4.61861236367631
"1892",-2.70136943313115
"1893",-1.74140043854981
"1894",-1.59148262138762
"1895",-1.21161795045247
"1896",-5.65180879535472
"1897",-0.992058131935199
"1898",2.08763116165241
"1899",0.967256207254444
"1900",-1.02318587328276
"1901",-1.98369795811287
"1902",-3.18428292538957
"1903",0.6850748397485
"1904",1.75439043647891
"1905",4.00366021312231
"1906",2.36288051799937
"1907",1.68204769943076
"1908",1.88116120961219
"1909",2.59022110596457
"1910",0.0792246446463523
"1911",4.238169081816
"1912",-0.0429483263680321
"1913",-0.603999002560601
"1914",3.14514301939079
"1915",1.70447107885564
"1916",-3.15602148479657
"1917",-2.70634133219636
"1918",2.12348613035482
"1919",4.10343562927633
"1920",0.103500703018858
"1921",-3.07632510996688
"1922",-0.796048271230173
"1923",-5.11567258210709
"1924",-0.235201797354081
"1925",-4.28465162400347
"1926",1.08596235129347
"1927",-1.31336608257163
"1928",-5.06264313670708
"1929",-1.48187502222126
"1930",6.658938536618
"1931",2.06979798498779
"1932",2.4906973659472
"1933",1.16163072255532
"1934",1.26259209787122
"1935",1.03357694165201
"1936",2.54458016399087
"1937",3.34559499845095
"1938",0.236614678595439
"1939",0.727632437987504
"1940",0.658618439510848
"1941",-2.11045732882558
"1942",-0.559601895770733
"1943",-2.11882229007356
"1944",-4.71812554048301
"1945",-0.887497417039441
"1946",0.633075870144694
"1947",-2.51641336778774
"1948",-3.98597281969387
"1949",-1.84561017443082
"1950",-0.855333120855731
"1951",-3.40514934782573
"1952",0.1749596980669
"1953",3.03501273807024
"1954",3.45500233508772
"1955",1.71492105202273
"1956",-3.64523854822129
"1957",-0.27550360852957
"1958",1.65409931876217
"1959",-0.0964363176184762
"1960",1.77288293105611
"1961",2.60205051351355
"1962",4.49120759635484
"1963",1.62049795674434
"1964",2.4599189592547
"1965",4.00946796845856
"1966",2.88914234892856
"1967",2.63892772763061
"1968",0.798809222298511
"1969",1.18878343365677
"1970",-0.771153037570102
"1971",-2.38100359065762
"1972",-1.04077267081477
"1973",1.18953538039573
"1974",0.89990019316855
"1975",-0.529698257843032
"1976",2.03073730024288
"1977",2.9012041403082
"1978",-3.35830046476517
"1979",-1.61777753199251
"1980",2.41277205416653
"1981",4.00334576542724
"1982",3.46394107350496
"1983",2.03455545011499
"1984",3.07519541525803
"1985",2.24586757419364
"1986",1.00656952652534
"1987",2.02729887185668
"1988",2.5580532097912
"1989",-0.0611806898175136
"1990",-0.990416556637078
"1991",-1.04965754034575
"1992",0.0510932093782195
"1993",2.08183254285657
"1994",1.79258029188743
"1995",1.57335663154019
"1996",-1.28584107295647
"1997",-1.44501545637389
"1998",-1.00416915348342
"1999",-0.863304799056399
"2000",-0.00242502786414889
"2001",-0.391523145936871
"2002",1.30940829137695
"2003",1.42036777532854
"2004",1.1713537971691
"2005",-2.45763515185015
"2006",-6.89662697417906
"2007",-4.80564986894024
"2008",1.08529421010835
"2009",3.13620330920878
"2010",5.38707547460307
"2011",2.74793803609723
"2012",-0.571178041443661
"2013",0.239730740811085
"2014",-1.82933211830782
"2015",-2.77836311996969
"2016",-0.227349686717869
"2017",0.533720250808324
"2018",-1.97515057070433
"2019",-1.75395941456905
"2020",-1.19270354409907
"2021",1.67861714134016
"2022",4.69000271593852
"2023",-1.23857062667996
"2024",1.04287350416733
"2025",2.34433810108811
"2026",3.65582615669011
"2027",2.25734066358104
"2028",1.09887711364195
"2029",3.430431311965
"2030",5.0520067209745
"2031",-3.21639319690519
"2032",-4.20476497924973
"2033",-0.683105302242693
"2034",-0.551410321967182
"2035",-0.449675795848229
"2036",0.702102518689157
"2037",2.01392886421996
"2038",1.68581039736961
"2039",1.07775413933549
"2040",0.629764129550487
"2041",1.87184440744747
"2042",0.083999012459314
"2043",1.96623537458813
"2044",1.73856156496721
"2045",-3.66901741527375
"2046",-3.63649656500507
"2047",-4.95387088309706
"2048",-4.51113536842003
"2049",-3.5982850198443
"2050",-3.43532388172913
"2051",-2.39225591213796
"2052",-1.27907598049734
"2053",0.114221043766168
"2054",1.077640291226
"2055",0.591186726339453
"2056",1.10486430889335
"2057",1.08867666245549
"2058",-1.27737258940638
"2059",1.88672017687553
"2060",4.6608556971827
"2061",2.06493623921333
"2062",-2.03103227573969
"2063",-0.497043926383498
"2064",1.03690720857479
"2065",2.4808451213527
"2066",3.40479387435463
"2067",-1.33124050584627
"2068",-2.00725199267685
"2069",0.256765440436059
"2070",1.17081574217702
"2071",0.25490285295095
"2072",3.71901380257884
"2073",3.37313471182415
"2074",0.827270231254273
"2075",-1.06857498856341
"2076",0.915603702938474
"2077",-3.05020052653388
"2078",0.0340053030004341
"2079",-0.451774439479149
"2080",-2.57753538499319
"2081",2.15672683543776
"2082",3.81100944657347
"2083",-0.964690427326779
"2084",-0.400368568034249
"2085",1.98397924267979
"2086",2.03835722304407
"2087",-2.93722023155554
"2088",-2.27273878208926
"2089",3.8518057051375
"2090",-1.08358263618067
"2091",1.98110032765085
"2092",-0.14415482453443
"2093",1.18064265734582
"2094",3.9454971638594
"2095",0.560413085574092
"2096",-2.1846051869423
"2097",-3.25955326312198
"2098",-1.04442675239716
"2099",1.87076314854767
"2100",6.16600536573964
"2101",0.331304473813965
"2102",-1.06333495259414
"2103",0.632091661150548
"2104",3.61761102879214
"2105",1.59324974094317
"2106",-0.800987812458471
"2107",-3.98509724147492
"2108",-0.0390741561683026
"2109",-2.26310601974129
"2110",-2.19737790724174
"2111",2.68811815350043
"2112",1.93339013465532
"2113",-2.59155399160699
"2114",-0.716700831619388
"2115",-0.152036407795157
"2116",4.85244812791524
"2117",-0.423238376438638
"2118",-0.219087072807252
"2119",-3.09509088129901
"2120",3.59875726721449
"2121",-4.61754055784752
"2122",-2.55398192720415
"2123",-1.34055746915821
"2124",-2.65725781201249
"2125",-1.9540735840698
"2126",-3.2809928061243
"2127",0.101996082856278
"2128",1.91490182730877
"2129",3.60773317167004
"2130",-0.219501139623064
"2131",-1.48678751037994
"2132",-2.06411297983093
"2133",4.10853024332934
"2134",8.82114995040625
"2135",3.83375393270516
"2136",-3.15363859794848
"2137",-2.83100850541507
"2138",0.381651888082095
"2139",-1.78564973968035
"2140",1.89709428907429
"2141",-0.400125239028391
"2142",0.242682404908447
"2143",-1.83447518793163
"2144",3.21840957363495
"2145",4.59134428079173
"2146",4.25433652472229
"2147",-0.772606103389823
"2148",-0.84949068876041
"2149",-1.37632445551709
"2150",-2.46310002084403
"2151",-2.62981000192537
"2152",-0.996447015945284
"2153",0.0870076046737172
"2154",-3.04942677038447
"2155",2.22425829485563
"2156",-1.1419287636305
"2157",-1.3679795098674
"2158",-0.654068526209107
"2159",-5.17037214208796
"2160",-1.12688454214595
"2161",2.31640008897494
"2162",5.47948756663271
"2163",2.79237082949757
"2164",0.125043094117464
"2165",2.42751059266707
"2166",5.96977955732105
"2167",-0.638143779745922
"2168",-0.616255772086143
"2169",-2.18455260438144
"2170",-0.57304246423883
"2171",-0.901733391740823
"2172",-0.420618680120402
"2173",-2.36969162261053
"2174",-4.71894551244419
"2175",0.731645885384589
"2176",-2.02789156511809
"2177",-3.64755171368496
"2178",-1.79732841004879
"2179",-2.6972155039423
"2180",0.272806972267327
"2181",-0.207240853440656
"2182",-2.61735259027934
"2183",0.602478152538165
"2184",-3.44774223420123
"2185",1.26199954295071
"2186",1.75171697235504
"2187",1.94141673716786
"2188",0.311105520545285
"2189",-3.09920999435659
"2190",2.33046815368292
"2191",-2.72106510751933
"2192",-0.651927080702709
"2193",1.43720137980623
"2194",2.38632649185648
"2195",3.17545447329703
"2196",3.46459154197687
"2197",2.87373973227006
"2198",-3.09709921179041
"2199",-5.86791950786725
"2200",-1.42871537362314
"2201",-1.49948102672076
"2202",-1.95022168306356
"2203",-1.13094211147361
"2204",1.01836414100845
"2205",-3.912296472658
"2206",-2.58291749951359
"2207",0.866491284777114
"2208",-2.47408598096855
"2209",-1.83465197206836
"2210",-2.4852093638401
"2211",-0.425760831601554
"2212",-2.09632442620875
"2213",-0.94691833142001
"2214",-2.21754542190652
"2215",-0.188208572339489
"2216",1.52108934260989
"2217",-1.27965455172958
"2218",-2.4804431300291
"2219",-3.88128339833873
"2220",-2.80218303609224
"2221",0.916854071963604
"2222",2.21582404108202
"2223",-0.385277013483762
"2224",-1.02643216258806
"2225",-2.04762425206293
"2226",-1.81885682912172
"2227",-0.630133440977797
"2228",0.638542365155478
"2229",0.167168126580144
"2230",-3.71425809503094
"2231",1.18426093966508
"2232",-3.31727752998893
"2233",-0.378876264650122
"2234",-2.4305441390881
"2235",-0.242289521784084
"2236",-0.384114413962648
"2237",0.113979183151631
"2238",-0.268010731665811
"2239",1.09991452409969
"2240",3.88775357503859
"2241",6.16549562471504
"2242",-1.726870194063
"2243",-4.32934607554081
"2244",-4.30193421396368
"2245",-1.06463680357689
"2246",-3.377450247866
"2247",-2.20037118722449
"2248",-1.22340217125946
"2249",-0.306545749578033
"2250",-1.66980447178732
"2251",-2.87319507719572
"2252",-1.036734604852
"2253",-2.43042605397376
"2254",-1.29427242377866
"2255",2.48172328651567
"2256",-4.44228461175929
"2257",-4.76614509191248
"2258",-3.70986608012209
"2259",-1.46345550256634
"2260",-3.88692128542343
"2261",-1.93027175567398
"2262",-0.873515846529127
"2263",-2.89666239351282
"2264",-2.91972023214901
"2265",-0.912698197961646
"2266",5.42439487352531
"2267",4.9215501467879
"2268",0.588777279317203
"2269",-1.74391458707951
"2270",-2.69653506145186
"2271",-1.53909375284947
"2272",-1.02160027032196
"2273",-2.8240611190439
"2274",-2.71648219896466
"2275",0.37112778870393
"2276",-0.971239857249961
"2277",3.24640616196184
"2278",-1.61595758455603
"2279",-2.26835421672669
"2280",-1.41079196930364
"2281",0.426720922959644
"2282",-0.825823774690324
"2283",0.101546957322023
"2284",0.278806271293075
"2285",1.67594613155056
"2286",7.09295850242221
"2287",4.16983534823577
"2288",2.04657129353219
"2289",-1.27683899056795
"2290",-3.93041278521992
"2291",1.335832748802
"2292",4.63188982626649
"2293",2.67775066194226
"2294",-2.74659252940203
"2295",-2.9111410461572
"2296",-2.50589601726912
"2297",0.909135026198323
"2298",-0.0260554468187522
"2299",3.76852503261576
"2300",-2.567129659864
"2301",-1.66302618828784
"2302",-2.66917289321556
"2303",-0.385578115206968
"2304",-1.80225019482185
"2305",-1.47899480919652
"2306",1.84438405911733
"2307",6.38788061143681
"2308",6.021489049079
"2309",2.21520357336103
"2310",1.63903964430859
"2311",-3.14698771812472
"2312",-1.60288497272998
"2313",-1.47865857829826
"2314",-0.344314993620637
"2315",0.340139322511819
"2316",0.684697911308026
"2317",0.559380556241763
"2318",-1.98579279137284
"2319",0.429171661433704
"2320",-0.515732292369151
"2321",0.319489140188066
"2322",2.28481004628621
"2323",7.4102051036556
"2324",2.15566899108989
"2325",3.22119638738275
"2326",3.54678197132785
"2327",3.13240320522175
"2328",1.65803726861209
"2329",0.893678416169228
"2330",2.13932090256349
"2331",1.0149589824652
"2332",-0.539424827062025
"2333",0.91615148181331
"2334",2.4016813999134
"2335",-1.46284158193956
"2336",0.822576027076632
"2337",-4.04207332814935
"2338",-5.0167970990825
"2339",-2.81161876543047
"2340",0.953438537557703
"2341",-0.891631027138375
"2342",0.673166703460893
"2343",2.2078258923351
"2344",3.34234241256667
"2345",2.56671226979363
"2346",2.75092982582899
"2347",-0.395010557514254
"2348",-1.13111451842308
"2349",-0.897378646799096
"2350",1.66620055271492
"2351",4.61961756982022
"2352",5.03286689421802
"2353",-1.54405698439043
"2354",-0.971070945042134
"2355",-0.108087348211189
"2356",1.22489507364801
"2357",-2.58212241191893
"2358",-2.85913853736641
"2359",-1.25612905367245
"2360",-0.783069368543776
"2361",4.95004230047212
"2362",4.88320773582776
"2363",2.71642871997566
"2364",3.04970703536835
"2365",2.80304446445834
"2366",0.606452118439305
"2367",3.29994185918662
"2368",3.00351659517535
"2369",-0.0528207651194244
"2370",1.11093268677736
"2371",0.264753465639728
"2372",0.648617789568911
"2373",-4.26747187796918
"2374",-2.82351307350864
"2375",-1.97950333358356
"2376",-0.925444438192262
"2377",-0.0513385720744548
"2378",-2.04718387887628
"2379",-3.5229785022439
"2380",-1.67872058582346
"2381",2.96560080536482
"2382",1.3199960982048
"2383",-1.89553361309361
"2384",-3.48098723432047
"2385",-1.02636367126588
"2386",2.53833553422787
"2387",-0.656891186126188
"2388",0.70793071881911
"2389",2.28277599726954
"2390",2.37764599935597
"2391",0.0825420752092629
"2392",0.277465574960285
"2393",0.512410348013242
"2394",0.537370556983426
"2395",-4.64765197818168
"2396",-3.02265543753458
"2397",-1.7176380011278
"2398",-0.00259798762172814
"2399",-1.27753319557635
"2400",-1.48244102489354
"2401",1.86268112452485
"2402",1.16783585277693
"2403",1.13299201033196
"2404",0.918119605390629
"2405",-0.13677702535173
"2406",-0.00169354519979592
"2407",0.20337438254176
"2408",1.37843448513748
"2409",-2.35650486901688
"2410",1.42856161847082
"2411",1.1536392459927
"2412",-2.87126668805911
"2413",0.463849114707548
"2414",0.868991952684787
"2415",0.32415807877579
"2416",1.05934383217958
"2417",2.46455464073204
"2418",0.549795932269062
"2419",-3.09492686537347
"2420",-2.88960849047583
"2421",-3.38424468598871
"2422",-0.508831531081917
"2423",-3.18336510492521
"2424",1.17215851331164
"2425",0.937754101829929
"2426",1.13343625482637
"2427",2.2292086171243
"2428",0.555074833547049
"2429",3.18103854891794
"2430",3.31712147898498
"2431",0.433345409682989
"2432",-2.41028590888441
"2433",-1.79376872661362
"2434",-3.13709929340101
"2435",-4.13027593703157
"2436",-2.05329699356993
"2437",-1.79617770966464
"2438",-3.24893424102179
"2439",-1.00156421354352
"2440",0.195934746867987
"2441",0.873565014310573
"2442",0.601317480020882
"2443",-2.62081715248973
"2444",-1.61283679071138
"2445",1.05526065786585
"2446",-1.61652271424816
"2447",1.53180804123682
"2448",2.05024777211053
"2449",1.40879842013216
"2450",-2.11253807293911
"2451",-0.663759765344086
"2452",4.75504241482924
"2453",-1.68622216071959
"2454",-2.86755110055006
"2455",0.891057986778328
"2456",-1.65039250729394
"2457",4.61808625381258
"2458",4.13648327792611
"2459",5.69480121336036
"2460",9.203042708429
"2461",7.25121041144576
"2462",3.56930697072431
"2463",1.67733503457836
"2464",-0.314718335930682
"2465",-0.426865957029777
"2466",-0.969104996337823
"2467",0.828567378526316
"2468",-4.08384600005625
"2469",2.6936798394045
"2470",-1.43883025473299
"2471",-1.14137363478494
"2472",-1.53394765306757
"2473",0.403450338102878
"2474",-2.52915543299286
"2475",-5.27174102968387
"2476",-0.994304241701069
"2477",-3.25684285877538
"2478",3.81064532936228
"2479",1.978167954478
"2480",0.535733232257483
"2481",-0.566655751150728
"2482",0.551004090401904
"2483",1.44871584306391
"2484",0.166480824825875
"2485",-0.645699657084815
"2486",-0.167829295149938
"2487",0.49008857801039
"2488",2.59805757219235
"2489",-1.32391870280786
"2490",1.27416336280593
"2491",-1.65769001366144
"2492",-0.0794730330787097
"2493",-2.17118271291006
"2494",3.21718392938036
"2495",7.08562987632839
"2496",10.2141629622236
"2497",3.33279038593472
"2498",-3.19848582313398
"2499",-2.2896636355781
"2500",-1.18074102199328
"2501",-1.67181207997649
"2502",-0.352970421587484
"2503",1.65578671088394
"2504",-1.31553792485201
"2505",-1.43694157108514
"2506",-0.238438361256319
"2507",0.29995751346484
"2508",-1.88175127580457
"2509",-3.03356205794746
"2510",2.13452783815327
"2511",3.19252108361472
"2512",6.36042034955397
"2513",11.5782136306887
"2514",1.24588878282497
"2515",-1.646551731288
"2516",-3.01910544890077
"2517",-0.191769907263973
"2518",-2.1145313588666
"2519",-3.25737535409121
"2520",-2.59029837702881
"2521",-2.26329691177039
"2522",-3.59636744240693
"2523",-0.389485104379801
"2524",-0.112624851287016
"2525",-1.27578289445452
"2526",-2.13895544520827
"2527",-5.88213871487421
"2528",-4.27534179146613
"2529",-1.34857348512002
"2530",-3.3518295903452
"2531",-4.31510590165095
"2532",-1.92839821354657
"2533",-0.711704906268329
"2534",0.714975808817982
"2535",0.821633717421392
"2536",-0.311741247224596
"2537",1.06485559496308
"2538",2.91142892406749
"2539",3.35798342017168
"2540",5.40454329159766
"2541",-0.458867624332433
"2542",-2.58224520403531
"2543",-3.03558532392768
"2544",-1.23888386042626
"2545",-0.772122872582186
"2546",-1.75528425910017
"2547",-2.06836365587727
"2548",-2.75135669881057
"2549",-3.00425902379712
"2550",-1.89711832199788
"2551",2.19001598686432
"2552",0.777145674049633
"2553",0.244272510818211
"2554",-2.6686017315698
"2555",0.658515996210301
"2556",-0.895584289920565
"2557",-1.32902480459773
"2558",-1.54249131404371
"2559",0.604017487694525
"2560",-0.60949709342999
"2561",1.17696624853577
"2562",1.88340463606993
"2563",3.40981490130949
"2564",0.936197914695803
"2565",1.57255454667023
"2566",2.59888566767411
"2567",2.74518114990806
"2568",7.06143131265403
"2569",4.60763769697544
"2570",3.77380184393571
"2571",1.39992529459824
"2572",0.146012395957305
"2573",1.10206818526214
"2574",1.53809523895854
"2575",-0.315903866507691
"2576",-0.859926554690745
"2577",-0.533985624683073
"2578",1.01190599152061
"2579",-2.66224932898731
"2580",-3.63644920911446
"2581",-2.83069127176842
"2582",-0.534973139856831
"2583",2.06070756371271
"2584",5.25634908465373
"2585",6.63194899529605
"2586",-0.852491337343517
"2587",-1.45697054624816
"2588",0.538512735598934
"2589",-0.506019310892963
"2590",-0.930544279792315
"2591",-0.805060466548893
"2592",-1.81956616661247
"2593",-6.65405967543283
"2594",-5.02853820394432
"2595",-1.81299843871052
"2596",-3.11743788862497
"2597",-0.721854062581242
"2598",1.01375553052712
"2599",0.659454237695007
"2600",-2.65469894884897
"2601",-5.29870807014775
"2602",-6.00257716724427
"2603",-3.58631028118148
"2604",0.780089230736923
"2605",-1.03338204671699
"2606",-2.65673694979742
"2607",-1.44998838551478
"2608",-1.35314058793273
"2609",1.07380220888507
"2610",1.81083577087497
"2611",-1.80203834526697
"2612",0.275181180247417
"2613",2.65248975799264
"2614",-0.430117201456769
"2615",-0.792644287526315
"2616",-4.19511027934276
"2617",-0.157534255773236
"2618",-1.34992125585373
"2619",-2.11227631862026
"2620",-3.73460448310883
"2621",-1.95692800771263
"2622",0.820731237954007
"2623",1.47836879802342
"2624",2.12598021662792
"2625",-0.196438962100157
"2626",-5.03889359483091
"2627",-1.08138914446494
"2628",-2.80393097621566
"2629",-3.2265244552965
"2630",-1.81917494692088
"2631",0.118112183697779
"2632",0.615331571346051
"2633",-0.417503656174466
"2634",-2.15038088674597
"2635",-1.60330625910754
"2636",-0.746285911998266
"2637",-0.0293259841572411
"2638",-0.732429510448512
"2639",-0.425598920510918
"2640",2.26116055475425
"2641",2.11784368444568
"2642",1.83444523766209
"2643",3.27094525381865
"2644",3.11732408330275
"2645",3.47357696167143
"2646",1.90969912448176
"2647",2.65568580729077
"2648",0.881698946920405
"2649",1.65789946284199
"2650",-0.945718935413336
"2651",1.47083746168556
"2652",-1.55243763633019
"2653",1.52445214028376
"2654",-3.29849679214859
"2655",-5.95129996957915
"2656",-6.08397280757877
"2657",-3.38652134617538
"2658",0.761048374603106
"2659",0.538730314728776
"2660",1.9765249210142
"2661",-1.0155671902831
"2662",-2.49755180502361
"2663",-3.12943470906782
"2664",1.06877831172378
"2665",-0.462917121811275
"2666",0.945474071500607
"2667",-0.656054703696981
"2668",0.732489957239562
"2669",0.221101458953834
"2670",1.54975013540997
"2671",4.57840614569733
"2672",0.0270626321474072
"2673",1.66571273709167
"2674",5.06434960286158
"2675",3.09298763049723
"2676",2.31164078096659
"2677",2.66030153649293
"2678",1.88896237929957
"2679",2.1276157916098
"2680",3.31625425564691
"2681",4.0648702536342
"2682",3.94348251005981
"2683",2.30210991725226
"2684",3.22074520919538
"2685",-0.320618880126988
"2686",-0.481989616731001
"2687",0.286606027578562
"2688",-3.48485832845361
"2689",-0.136389065019495
"2690",2.83200743768896
"2691",3.66032479947979
"2692",1.84853942366391
"2693",2.97662743080336
"2694",1.51458201658284
"2695",1.36239637668707
"2696",1.54006370680073
"2697",-0.112324800350908
"2698",-0.354673312968284
"2699",-0.766981676755222
"2700",-2.12924973741554
"2701",-0.941477340653078
"2702",2.39633462189485
"2703",0.424185362237223
"2704",-1.66794193585964
"2705",-1.70006374417077
"2706",-3.54217923624259
"2707",-1.17428758562153
"2708",1.363612034146
"2709",3.2015221596164
"2710",1.52944545990167
"2711",4.01738296028882
"2712",2.07533568606482
"2713",2.74330466251667
"2714",0.78129996321675
"2715",1.14933174699627
"2716",0.207401167030453
"2717",-0.474490623505492
"2718",-3.04634247143634
"2719",-1.56816405333683
"2720",3.10003445469709
"2721",0.0382534565588397
"2722",-1.76350664385816
"2723",-4.13524544266048
"2724",-3.12693955447833
"2725",-1.24856525067063
"2726",-1.41012161243704
"2727",-0.971607720977223
"2728",-0.433022657490843
"2729",0.305634496822439
"2730",2.96436466076296
"2731",0.673178081872207
"2732",0.0720857583733672
"2733",0.681089735089335
"2734",2.130192056843
"2735",-0.700605231542752
"2736",0.658673521053913
"2737",0.648003669082048
"2738",-1.96261318764462
"2739",-1.91317544931235
"2740",-2.16368151610744
"2741",-1.90413403168039
"2742",1.57546395557692
"2743",4.88511343836615
"2744",4.41481540938897
"2745",2.96457086134705
"2746",-0.285709697538573
"2747",0.0738887979239422
"2748",4.56337417589245
"2749",-0.117245735475223
"2750",0.84203689197877
"2751",2.71122725036004
"2752",-1.67966949467047
"2753",-1.01067205801766
"2754",0.36820104247214
"2755",0.366957890877735
"2756",2.17560657127789
"2757",1.8741551677514
"2758",-1.18739573634962
"2759",-0.0590452444619594
"2760",1.45921519730979
"2761",1.68739414286102
"2762",0.795500146087146
"2763",1.31354162227568
"2764",1.74152750681455
"2765",0.339467133749825
"2766",-0.712630162872463
"2767",-0.00475504900625978
"2768",0.463104723444944
"2769",0.250961267149592
"2770",-0.901176286988381
"2771",0.136701191934977
"2772",1.24460283482361
"2773",-3.37745883684933
"2774",-1.80947066047945
"2775",-1.42142254346602
"2776",-1.59330439320826
"2777",-0.0151061171054501
"2778",1.72318237744318
"2779",-3.56842881696162
"2780",-2.70993865320805
"2781",-0.471345997888475
"2782",1.43735937104161
"2783",1.92618767562671
"2784",2.88514913791134
"2785",2.09425381382384
"2786",1.60351075462211
"2787",0.382928675345012
"2788",2.61251629103137
"2789",-1.12771768327996
"2790",-0.357753675179067
"2791",-1.65757229626061
"2792",-3.35716510749264
"2793",-0.126523669843204
"2794",2.90436045571964
"2795",-1.75467144791424
"2796",-1.23377887010372
"2797",1.52704546981003
"2798",0.347808852485862
"2799",2.5085185585826
"2800",4.5191797908705
"2801",-0.100202256159845
"2802",1.66036070139823
"2803",-3.28914396160611
"2804",0.061289659480197
"2805",0.161667469310204
"2806",-4.05800462746303
"2807",2.57226779095238
"2808",4.85247895862301
"2809",1.86263449861398
"2810",1.63274003399041
"2811",-2.33719881218257
"2812",-3.78718356105952
"2813",-3.26721583429546
"2814",-3.20729015957599
"2815",0.072598935413323
"2816",-0.47754307701312
"2817",-0.957700547383775
"2818",-0.397857882583176
"2819",-3.37800969483105
"2820",4.18184940365287
"2821",6.6417248006489
"2822",-1.68839167092379
"2823",-3.26850800689718
"2824",1.1913814373822
"2825",0.101282306567841
"2826",-1.6487997546868
"2827",0.671140898271767
"2828",-1.51889008990299
"2829",1.89109733819012
"2830",-2.4189066373361
"2831",2.54110381223925
"2832",3.54113451563708
"2833",-0.368808698421725
"2834",-1.48869786210737
"2835",-4.41850513072163
"2836",2.18177513975906
"2837",0.19214859335824
"2838",-1.76737912590053
"2839",2.20321920660325
"2840",2.46397052388028
"2841",-6.05511996746059
"2842",2.18595293918949
"2843",-2.84280554956059
"2844",-0.671435807361449
"2845",-1.30998369825908
"2846",0.391547748762282
"2847",1.1131555047184
"2848",-1.38516345937496
"2849",4.23658605934001
"2850",-0.171600747042071
"2851",0.110266313864248
"2852",-1.82782220569392
"2853",-5.21586881105317
"2854",2.56612399244993
"2855",-1.13184630052122
"2856",-4.65977958779456
"2857",0.722323814628407
"2858",-0.765539225849272
"2859",2.52662815817548
"2860",-0.90117716589427
"2861",-0.168953478901685
"2862",2.8533003028891
"2863",0.725580093749679
"2864",-4.16211819204836
"2865",-6.64979864023342
"2866",-1.43745391601385
"2867",3.28492323971619
"2868",-1.10267137230041
"2869",-3.57024195132076
"2870",-0.187792696601965
"2871",-1.88534469855222
"2872",3.65708089469154
"2873",3.17947979727912
"2874",-5.56815227663972
"2875",-3.2958196129152
"2876",-1.43352649739754
"2877",-1.06127721593694
"2878",-2.33909073078302
"2879",2.33301385690284
"2880",-0.0549679470973068
"2881",0.776959362998602
"2882",-1.09120870702738
"2883",0.0905346333684616
"2884",0.0521968768362289
"2885",-1.77622541768237
"2886",-2.34473569124565
"2887",-2.27333738491192
"2888",-3.36201259108986
"2889",-3.88074322034478
"2890",-1.93953244096996
"2891",-1.69838342125865
"2892",2.86270067049587
"2893",2.67384203535549
"2894",1.70516028683029
"2895",-2.39335162470068
"2896",-3.25170074885837
"2897",-1.25989413526374
"2898",1.56205858073534
"2899",5.59414793266139
"2900",-0.493647548888196
"2901",-3.62134918579157
"2902",0.0610364469226923
"2903",2.013502774226
"2904",4.96604322108976
"2905",5.21867074072432
"2906",8.36139791534017
"2907",1.14421761340896
"2908",3.19712270340233
"2909",0.500106053791903
"2910",-0.226825649585097
"2911",-1.40366556054503
"2912",1.38957942990338
"2913",3.01290243075143
"2914",4.36629655099041
"2915",0.87976180227292
"2916",-4.82670160883558
"2917",-0.833100280974611
"2918",-1.45944081278368
"2919",-1.46572980290229
"2920",-2.2319825719054
"2921",-2.17941747377175
"2922",1.49383490696367
"2923",3.1870804341787
"2924",2.1403120439267
"2925",-2.96647732773895
"2926",-4.77329474476488
"2927",-3.16015145457262
"2928",0.172941005075169
"2929",0.505975134720188
"2930",-2.45105656509587
"2931",-3.3181615938313
"2932",-1.96535844918518
"2933",-3.44266518177517
"2934",-3.59008862043754
"2935",-0.0176355940085244
"2936",3.01468706867562
"2937",1.06687534470954
"2938",-1.77107409855723
"2939",-1.72916705457853
"2940",-0.0774093168082057
"2941",-1.01580667870012
"2942",0.315782018524414
"2943",-2.13250072485379
"2944",-2.60065869003538
"2945",-0.168695658221026
"2946",0.643384589388612
"2947",0.945578271592886
"2948",4.74788160719113
"2949",4.35028668360383
"2950",0.032784914867749
"2951",1.15537150970667
"2952",0.458041676844337
"2953",-0.139209374995467
"2954",1.22363437680348
"2955",-0.393410820120341
"2956",-0.560349419509739
"2957",-2.06718587510754
"2958",0.906075359343436
"2959",0.939430914615768
"2960",-0.237122054147145
"2961",0.0664127858680938
"2962",0.67003176747488
"2963",-0.0862687765133803
"2964",1.66750137260424
"2965",0.76133293981705
"2966",0.925223017371028
"2967",1.62916869751214
"2968",2.35316707248636
"2969",5.1272159182789
"2970",0.621312952950726
"2971",-1.09455352646344
"2972",-0.280395293685107
"2973",-1.77621544948901
"2974",-2.04201709464991
"2975",1.90219667005746
"2976",2.69642853461807
"2977",-1.719319047891
"2978",0.164950466393675
"2979",1.98923362133552
"2980",3.43352696079796
"2981",5.53781283894313
"2982",4.08207331019283
"2983",3.49630446879996
"2984",3.54050240901743
"2985",2.02466322509814
"2986",2.90876579193781
"2987",4.49278937321103
"2988",6.35673064633904
"2989",4.41058628874307
"2990",3.29435297784435
"2991",2.85803250544357
"2992",-0.678367669177485
"2993",0.605157632624072
"2994",0.18861358949114
"2995",-0.197994619933379
"2996",-2.15466181700659
"2997",-2.35138282308561
"2998",-0.478133966512507
"2999",1.29510790868684
"3000",2.24834720762965
"3001",1.31158833543317
"3002",1.13483569721462
"3003",-1.26190319803372
"3004",-0.848620236094385
"3005",-4.25531010401234
"3006",-4.79196748883257
"3007",-1.56858707760004
"3008",-2.42517828704328
"3009",-4.37175022291857
"3010",-1.80829710581253
"3011",-0.564813156311807
"3012",1.58870740499697
"3013",0.82225161185621
"3014",-0.194193369270838
"3015",5.0093784401104
"3016",-1.46702698150549
"3017",1.11659634437607
"3018",-0.899742943537097
"3019",1.58396384004243
"3020",1.33771342812622
"3021",1.71150267410685
"3022",-0.0846621930801454
"3023",-0.530774944499225
"3024",-1.34682935121486
"3025",-5.00281269745102
"3026",0.211287902013275
"3027",0.535478930280975
"3028",0.70976687045505
"3029",-2.58584179436154
"3030",-1.5113391743678
"3031",-0.996717919426702
"3032",-1.09197235593119
"3033",-1.99709681027421
"3034",-3.40208560884872
"3035",-0.266956148727131
"3036",1.06827399814338
"3037",2.52361024305775
"3038",4.26905799731088
"3039",2.47462267219772
"3040",2.51011280401177
"3041",3.33534099678727
"3042",2.59031876343029
"3043",-0.274942383153141
"3044",2.16956906994303
"3045",-1.23613536437515
"3046",-1.48204417320163
"3047",0.801880398634472
"3048",0.765676274144427
"3049",-0.310644782005173
"3050",1.55292899485226
"3051",2.79640936938331
"3052",1.56978840046596
"3053",2.20305873752764
"3054",1.25623303105914
"3055",0.0293239315512484
"3056",-0.937655910505244
"3057",-1.14471106111666
"3058",2.08815363096176
"3059",1.7309503920975
"3060",-1.01630855134199
"3061",-2.63361097298927
"3062",3.3190436159164
"3063",0.381655194903642
"3064",-1.22576477350823
"3065",1.1167951732001
"3066",0.00934649754794137
"3067",0.651899616121113
"3068",0.48446504915173
"3069",2.39703728862926
"3070",2.8696111710018
"3071",-2.56780116905393
"3072",-5.99518759686121
"3073",-6.55253597774333
"3074",-5.00983246692074
"3075",-2.2770630870583
"3076",1.01578449535413
"3077",0.378722613826669
"3078",1.35176360186946
"3079",3.09492884127801
"3080",0.268239799106672
"3081",-1.56829106324619
"3082",0.655348715617764
"3083",1.48917159709691
"3084",-1.12682078716036
"3085",1.24737269497315
"3086",2.091763755614
"3087",2.59636410687875
"3088",5.03118546088396
"3089",4.14602374678669
"3090",2.83067182076195
"3091",0.875136785453156
"3092",-0.580574256496257
"3093",-1.93645420244286
"3094",-2.09249594974322
"3095",-1.52869239575391
"3096",-2.11502710909035
"3097",-3.51148290768625
"3098",-5.09805156287563
"3099",-6.54472484599251
"3100",-4.17149452837091
"3101",0.091621224954114
"3102",-1.81539604772531
"3103",-0.0225385627523504
"3104",2.83020146352981
"3105",0.682831814777979
"3106",-0.754643968815245
"3107",1.02777724820134
"3108",-0.359897357627498
"3109",-0.727660609757013
"3110",2.12449466835756
"3111",1.77658473188692
"3112",1.83862532790583
"3113",0.130622870815115
"3114",1.15258377501561
"3115",-2.48548554509184
"3116",-4.61358131115865
"3117",-3.50169977128086
"3118",-1.12986105412039
"3119",-0.948085091280564
"3120",-1.2463652124396
"3121",0.965305252724278
"3122",-1.43306702546716
"3123",-4.29148287741878
"3124",-3.05994282032441
"3125",-0.838439714045618
"3126",1.79303358155597
"3127",-2.29551579338123
"3128",-0.774080837326734
"3129",2.05734597135041
"3130",2.75877255293924
"3131",1.1102068277288
"3132",0.121656716008127
"3133",-4.10686694788327
"3134",-1.11535346503396
"3135",0.0362048817029965
"3136",0.0778158094745347
"3137",-0.710512964572406
"3138",0.0711886844788534
"3139",0.0428850374749121
"3140",-1.76542495454241
"3141",-0.433742340531289
"3142",2.84793183055008
"3143",0.889596509743521
"3144",1.30125064809085
"3145",-0.737115848855058
"3146",-4.09551298924552
"3147",-3.38394169259494
"3148",-2.49240287841777
"3149",-1.93089746622842
"3150",-0.319426541657474
"3151",1.49200780499403
"3152",-0.226596852794
"3153",-2.99524294154165
"3154",0.566067112230979
"3155",-0.96265826062511
"3156",-2.86141081326353
"3157",-0.760193248211252
"3158",-1.62900826799527
"3159",-2.49785857514257
"3160",-1.15672880125548
"3161",-2.03560350774946
"3162",-3.17448529187122
"3163",0.346623249132515
"3164",0.507719518015056
"3165",-0.881201160358879
"3166",-3.00014346940425
"3167",0.760870996880064
"3168",1.11181973543769
"3169",-0.537301226983857
"3170",-2.63649586363706
"3171",-1.35576814777439
"3172",3.87486646449046
"3173",-1.44460767068144
"3174",-2.83419480813054
"3175",-0.563899202697231
"3176",-0.933725109221951
"3177",-0.983683926764787
"3178",1.43621284511368
"3179",-1.60403919917766
"3180",0.275555534770049
"3181",-0.275007358634316
"3182",0.644277892175248
"3183",-0.596582997591343
"3184",-0.677594518059355
"3185",4.28123884064595
"3186",-1.16008741160068
"3187",-2.79145624034047
"3188",-1.2727523708178
"3189",-3.11398293271275
"3190",-0.70515505570539
"3191",-4.4562758694758
"3192",2.76264749629595
"3193",4.17160791192978
"3194",0.980582660493347
"3195",-4.2304508522341
"3196",-4.87149957186521
"3197",-0.672570444012631
"3198",1.41632958571098
"3199",0.195215710801873
"3200",-2.13589699837527
"3201",0.162984327869555
"3202",-0.528147440773646
"3203",0.510700565385129
"3204",1.77954279663283
"3205",1.13839341164661
"3206",0.217244842701767
"3207",-2.54391047792637
"3208",0.824919882037497
"3209",-3.40626622363431
"3210",-1.84747035724986
"3211",2.85130078934563
"3212",2.47004052430692
"3213",0.76874215578877
"3214",-0.212602776212004
"3215",-0.0240027424617892
"3216",2.05452878656387
"3217",-0.387021299748911
"3218",2.82134083040228
"3219",0.799609008819855
"3220",-3.50222293269376
"3221",-2.03415855482752
"3222",-1.85620183644392
"3223",1.75164042699908
"3224",-2.86063855995643
"3225",-3.49304559276839
"3226",-2.46558261514096
"3227",-3.24825220619927
"3228",0.0189378854672633
"3229",2.22597991126924
"3230",0.332866122617254
"3231",-1.36039980855805
"3232",-0.743814286011814
"3233",-4.43738517186215
"3234",-2.41112032822719
"3235",0.0649723827749877
"3236",1.16104444820157
"3237",-3.002752305054
"3238",-2.08642522935547
"3239",0.960018322933397
"3240",2.72657099944886
"3241",4.28322544782715
"3242",-0.850025684295471
"3243",-0.333204425682135
"3244",-0.166332944007776
"3245",1.14058119999613
"3246",4.06753044559812
"3247",8.39450723206672
"3248",1.47151528343209
"3249",1.52855902583082
"3250",-0.204368048308941
"3251",-0.37727244655902
"3252",0.689839323508737
"3253",3.89698210297212
"3254",4.27417091475227
"3255",3.4113995240424
"3256",5.34866169603569
"3257",-0.0940488040746352
"3258",-0.0867510877832167
"3259",-3.1594639887069
"3260",-0.562193324835832
"3261",0.975055085839838
"3262",3.56227542532996
"3263",0.279459289917442
"3264",4.80659844475563
"3265",2.1136726520727
"3266",0.880661821621333
"3267",-1.04243938999628
"3268",-2.59563632617792
"3269",-1.84893433032136
"3270",-2.20231921758546
"3271",-2.76577717412893
"3272",2.51068590015069
"3273",2.75706410535581
"3274",-1.14664845841109
"3275",-0.880443873682035
"3276",-0.864314062642556
"3277",-1.17826468467057
"3278",-0.962301399144009
"3279",1.58357013455924
"3280",1.6893511597226
"3281",-0.424956885457705
"3282",-1.43935936799038
"3283",-3.37386165488412
"3284",-1.28846911314764
"3285",-3.06309863928756
"3286",-1.11886640281621
"3287",-2.05389611604067
"3288",0.831124957144809
"3289",0.376196625021509
"3290",0.361318695870711
"3291",1.54649097797371
"3292",1.55170909613686
"3293",-0.223031615174543
"3294",2.10226821680908
"3295",3.23760796485735
"3296",6.66298700173988
"3297",3.70839370198551
"3298",0.423816887204474
"3299",-0.730743399211562
"3300",-2.16528711387093
"3301",-5.23981421338198
"3302",-3.59432184842215
"3303",-0.238806479413977
"3304",0.0967329724165964
"3305",-1.15770241415637
"3306",-1.80211156035881
"3307",0.0234912370450768
"3308",-0.0309084516111682
"3309",5.79469025309309
"3310",0.0202882305785081
"3311",1.92588636026572
"3312",1.72148552157538
"3313",1.91708659392811
"3314",-2.28731367463428
"3315",-0.111719209453721
"3316",1.10386985881485
"3317",-3.3005466004835
"3318",-2.0049687180037
"3319",0.0506241894917761
"3320",-0.973746969737277
"3321",-0.0480819888123758
"3322",-2.06238066085504
"3323",-2.19664277898679
"3324",-1.37086705181373
"3325",-0.555051663571177
"3326",2.64080437917558
"3327",0.636702069861231
"3328",-0.0273575980795098
"3329",-2.58137974532442
"3330",-3.19536898626287
"3331",-0.939323568027589
"3332",-1.84324173775132
"3333",1.67287825743323
"3334",-2.46096290671037
"3335",-0.874763824587756
"3336",-2.19853035691041
"3337",0.10773156485398
"3338",4.10402468218449
"3339",2.13035173656018
"3340",1.06671546946013
"3341",1.65312441312312
"3342",1.72958686288004
"3343",1.80610520484814
"3344",2.72268182514465
"3345",2.45931910988682
"3346",0.956005255490595
"3347",3.49272815863158
"3348",3.7994897558165
"3349",2.63629198355208
"3350",1.01313677834503
"3351",-1.70999114265512
"3352",-5.43310667351995
"3353",-1.97620729457443
"3354",1.4707095138565
"3355",0.54764627144789
"3356",-2.69539490292763
"3357",-4.23841249662793
"3358",-3.46140489932371
"3359",0.215629499314339
"3360",-3.37730769038449
"3361",-2.54021485809088
"3362",0.256909606524466
"3363",-0.475914193194136
"3364",-2.20866666958615
"3365",-2.56134698584793
"3366",-1.30395430517585
"3367",0.613512209233724
"3368",2.51105649805948
"3369",2.81868310720531
"3370",4.30639378131263
"3371",6.26419026502287
"3372",0.782074302977458
"3373",-1.9799670898657
"3374",-2.23194658757649
"3375",-1.17386197905514
"3376",1.36428894679814
"3377",1.11250840108309
"3378",-2.45922015077144
"3379",-2.28091311061581
"3380",-0.0825680682690368
"3381",2.83581738644987
"3382",2.6142456637219
"3383",2.29269547421105
"3384",2.67114509215706
"3385",2.41958695775214
"3386",4.7880136315695
"3387",2.28642704972532
"3388",3.73482914833576
"3389",0.713221863516992
"3390",-3.74838638177433
"3391",-1.13998699513658
"3392",2.07842221371383
"3393",1.7468434350605
"3394",0.14527885918702
"3395",3.11373208307502
"3396",3.72220616404217
"3397",3.22070248287616
"3398",-0.790777579635334
"3399",0.797767357295381
"3400",2.22631560377652
"3401",0.454845295041544
"3402",-1.29664245043398
"3403",-2.85814651417451
"3404",-1.15966577770447
"3405",-1.43117786383969
"3406",1.88733916453186
"3407",1.63588576577758
"3408",0.264462398264854
"3409",1.80306952036106
"3410",4.09170759043357
"3411",1.24037706684977
"3412",-3.2808953497581
"3413",-5.12208279091744
"3414",-3.20318454650034
"3415",2.45580009362113
"3416",-0.605128160425087
"3417",0.864011695700302
"3418",1.09320125688607
"3419",-0.257557880915657
"3420",-0.488264121752755
"3421",-0.658915869673098
"3422",3.83047125477832
"3423",-0.840118651692382
"3424",-0.800684417256413
"3425",-0.0512248700849796
"3426",-2.37173883834929
"3427",-3.52223688782728
"3428",-2.262730093529
"3429",-0.773218047473783
"3430",0.566299658319005
"3431",1.35582343183003
"3432",-1.70463708664729
"3433",-4.07507318055057
"3434",-5.56550295349509
"3435",-4.59594416463747
"3436",0.263602725094273
"3437",1.03313725477211
"3438",-0.127341036531943
"3439",0.912169100356904
"3440",-0.758330952830933
"3441",2.13115854180996
"3442",-1.00936267781503
"3443",-2.03989487380051
"3444",-1.00042925995568
"3445",-0.23095696483092
"3446",1.12852187736739
"3447",-1.15199286756713
"3448",-0.322501333840847
"3449",3.65698551458991
"3450",-3.27354378575241
"3451",-4.13409011835595
"3452",-1.13465436670891
"3453",2.69476258570055
"3454",1.20418283686064
"3455",0.383628828030847
"3456",0.623100190629909
"3457",1.46259655607658
"3458",0.302117555789593
"3459",3.3416628211877
"3460",0.901231983689655
"3461",0.810834003455343
"3462",-1.08952140867364
"3463",-1.07983349525599
"3464",-3.83010149885041
"3465",-1.46032466201561
"3466",0.999471378988662
"3467",-0.91073930877014
"3468",-0.320956412859879
"3469",0.328820379151578
"3470",0.978591379696367
"3471",2.73835265774238
"3472",-2.08190012248385
"3473",-1.37216725566226
"3474",1.95755096352724
"3475",2.1072542404047
"3476",2.55695135891616
"3477",-1.78334940508834
"3478",-2.49364910843262
"3479",0.726051192059453
"3480",3.28575043956403
"3481",3.45547154016027
"3482",4.56523765147615
"3483",2.13502159061529
"3484",3.91479637173993
"3485",-0.785438389062618
"3486",1.52431692429497
"3487",2.4240619279
"3488",3.16378873711316
"3489",3.09348978050617
"3490",4.11316514398297
"3491",2.74281491344751
"3492",-0.54756082519626
"3493",1.2720378753477
"3494",-0.198388517524137
"3495",-1.09883913775718
"3496",-1.44931311929684
"3497",-3.03980959608854
"3498",-1.57032478802724
"3499",0.619144949564062
"3500",-2.93139972040217
"3501",-0.291958135013463
"3502",2.21747036864268
"3503",-0.303110155952041
"3504",-0.433695014184721
"3505",0.655717418553923
"3506",-1.51487123312681
"3507",-1.33545934461763
"3508",-0.596045291309261
"3509",1.4133725514076
"3510",0.672786762653276
"3511",0.812190007843951
"3512",-1.37841595896734
"3513",-1.98902938372754
"3514",-1.72964851238362
"3515",0.179728243001316
"3516",0.789101465693703
"3517",0.768471402740925
"3518",1.19783830119036
"3519",-2.54279759191061
"3520",-1.97342517214353
"3521",-1.37403351909453
"3522",-1.37462266172312
"3523",-0.445192628988803
"3524",-5.21574344985111
"3525",-2.17625708234489
"3526",1.94328458568186
"3527",0.802881630549894
"3528",-0.377465871420013
"3529",-2.9177578439071
"3530",-0.807975100967122
"3531",-1.12809840009731
"3532",-0.868146564471822
"3533",1.9818606736777
"3534",1.33192211192352
"3535",-0.767963452162117
"3536",-5.98779722100697
"3537",-4.75759187989995
"3538",0.522639698144696
"3539",3.63289602911129
"3540",3.10317562898415
"3541",1.03347701374759
"3542",-0.91620844483375
"3543",2.00411052450429
"3544",0.76443228699531
"3545",-6.55524479212707
"3546",-2.90492234762925
"3547",1.0154081628795
"3548",6.47575522543384
"3549",1.09611712073324
"3550",-2.14350787052284
"3551",-4.38312146763491
"3552",0.887261055235411
"3553",5.20762459517534
"3554",0.267967689757521
"3555",-5.72171112344536
"3556",1.02858669313936
"3557",-1.05114032291566
"3558",0.159106365962266
"3559",1.16930971009351
"3560",-0.540547217489932
"3561",-0.680465695147968
"3562",0.219552998759493
"3563",3.10950758587254
"3564",-0.410581073059836
"3565",-0.24069224042022
"3566",-4.14082737926587
"3567",-0.730987952654026
"3568",-0.891175423641959
"3569",2.07863032531003
"3570",-0.161550879868173
"3571",-3.78172093964852
"3572",-3.44188175450295
"3573",4.82796477509659
"3574",3.09782217017514
"3575",0.857694535677393
"3576",0.357580847010855
"3577",-0.12251992041697
"3578",-2.82260879119857
"3579",-0.102669949270053
"3580",-1.11268749130422
"3581",-0.0326690734841506
"3582",1.22737800786875
"3583",0.437453398849359
"3584",1.91755674555257
"3585",2.31768769407328
"3586",6.78784849801501
"3587",1.86804099280773
"3588",2.57826419728597
"3589",3.36851713028427
"3590",3.23879881063717
"3591",-1.230886891067
"3592",0.689463260339076
"3593",-1.94015266944152
"3594",-0.829736614705729
"3595",4.78070949024952
"3596",6.29119513164734
"3597",2.21172972002507
"3598",-0.17768879244294
"3599",-1.14706245358233
"3600",-3.16639331121872
"3601",0.734299695671154
"3602",0.87499757038186
"3603",0.595698178494635
"3604",0.446399385590743
"3605",0.717099057251435
"3606",-3.42220494094203
"3607",-1.55151474340841
"3608",-2.83084716096581
"3609",-4.76021914334416
"3610",2.45036696667007
"3611",0.280908826290423
"3612",-3.18859590726957
"3613",-2.80813829203473
"3614",-0.34770868392348
"3615",-0.677308372562635
"3616",-5.14693864757903
"3617",0.923399201400484
"3618",0.233725233398724
"3619",-1.18594031071816
"3620",-0.045598447811976
"3621",-0.205250194744499
"3622",1.95510343162248
"3623",3.46544853773933
"3624",6.29577150793422
"3625",5.09607174216201
"3626",3.93634864037755
"3627",2.1266016025357
"3628",-0.15314503864929
"3629",-3.32286857156642
"3630",-3.41258670100298
"3631",-0.342316984221798
"3632",-2.66206223163615
"3633",-0.911825253659297
"3634",-1.06160886070451
"3635",-1.61139633494613
"3636",-1.37117132955835
"3637",2.0090627885458
"3638",0.659302652453277
"3639",1.25954489525103
"3640",-0.470200032608412
"3641",0.150078479673912
"3642",0.340377305704608
"3643",-4.03930668090973
"3644",-2.28897660656249
"3645",-0.0786286949857296
"3646",-0.0882589749986948
"3647",0.102129719374409
"3648",-0.627465445890589
"3649",-0.337047304817897
"3650",-3.10662741336713
